date,product_id,demand,price,promotion,holiday,shock
2024-01-01,P1,59.28,100.78,0,1,0
2024-01-02,P1,84.22,102.8,0,0,0
2024-01-03,P1,114.61,100.36,0,0,0
2024-01-04,P1,116.6,98.18,0,0,0
2024-01-05,P1,107.59,101.65,0,0,0
2024-01-06,P1,43.24,101.84,0,0,0
2024-01-07,P1,43.24,101.31,0,0,0
2024-01-08,P1,80.38,101.49,0,0,0
2024-01-09,P1,84.71,99.46,0,0,0
2024-01-10,P1,109.96,98.14,0,0,0
2024-01-11,P1,115.55,98.26,0,0,0
2024-01-12,P1,90.91,96.73,0,0,0
2024-01-13,P1,60.24,100.47,0,0,0
2024-01-14,P1,41.92,99.83,0,0,0
2024-01-15,P1,99.17,99.12,0,0,0
2024-01-16,P1,103.15,94.09,0,0,0
2024-01-17,P1,120.88,97.51,0,0,0
2024-01-18,P1,89.71,102.24,0,0,0
2024-01-19,P1,95.8,98.67,0,0,0
2024-01-20,P1,43.88,100.72,0,0,0
2024-01-21,P1,51.38,97.22,0,0,0
2024-01-22,P1,84.76,102.88,0,0,0
2024-01-23,P1,102.18,99.71,0,0,0
2024-01-24,P1,119.32,100.58,0,0,0
2024-01-25,P1,97.9,104.65,0,0,0
2024-01-26,P1,98.18,103.03,0,0,0
2024-01-27,P1,56.93,99.39,0,0,0
2024-01-28,P1,87.11,83.81,1,0,0
2024-01-29,P1,131.77,99.35,0,0,0
2024-01-30,P1,105.45,101.02,0,0,0
2024-01-31,P1,110.54,99.79,0,0,0
2024-02-01,P1,88.17,99.21,0,0,0
2024-02-02,P1,83.44,102.93,0,0,0
2024-02-03,P1,54.65,99.77,0,0,0
2024-02-04,P1,50.5,104.6,0,0,0
2024-02-05,P1,112.26,100.18,0,0,0
2024-02-06,P1,108.66,103.57,0,0,0
2024-02-07,P1,95.88,100.71,0,0,0
2024-02-08,P1,138.34,101.93,0,0,0
2024-02-09,P1,85.99,98.55,0,0,0
2024-02-10,P1,63.36,98.29,0,0,0
2024-02-11,P1,49.67,100.92,0,0,0
2024-02-12,P1,91.08,101.98,0,0,0
2024-02-13,P1,127.6,100.08,0,0,0
2024-02-14,P1,109.66,97.43,0,0,0
2024-02-15,P1,106.15,97.28,0,0,0
2024-02-16,P1,124.77,97.15,0,0,0
2024-02-17,P1,66.39,96.46,0,0,0
2024-02-18,P1,36.66,100.22,0,0,0
2024-02-19,P1,87.58,102.25,0,0,0
2024-02-20,P1,118.18,99.97,0,0,0
2024-02-21,P1,217.62,80.48,1,0,0
2024-02-22,P1,105.03,99.62,0,0,0
2024-02-23,P1,101.48,99.67,0,0,0
2024-02-24,P1,70.58,104.19,0,0,0
2024-02-25,P1,55.35,97.09,0,0,0
2024-02-26,P1,104.32,99.22,0,0,0
2024-02-27,P1,94.69,103.41,0,0,0
2024-02-28,P1,138.78,100.9,0,0,0
2024-02-29,P1,72.3,101.13,0,0,0
2024-03-01,P1,139.64,100.23,0,0,0
2024-03-02,P1,49.01,100.66,0,0,0
2024-03-03,P1,55.67,101.56,0,0,0
2024-03-04,P1,120.74,98.38,0,0,0
2024-03-05,P1,123.76,101.76,0,0,0
2024-03-06,P1,180.07,97.25,0,0,0
2024-03-07,P1,96.04,100.66,0,0,0
2024-03-08,P1,128.87,100.36,0,0,0
2024-03-09,P1,107.94,83.77,1,0,0
2024-03-10,P1,66.58,99.95,0,0,0
2024-03-11,P1,105.44,98.75,0,0,0
2024-03-12,P1,120.32,97.86,0,0,0
2024-03-13,P1,113.54,99.29,0,0,0
2024-03-14,P1,122.32,97.79,0,0,0
2024-03-15,P1,103.39,100.65,0,0,0
2024-03-16,P1,73.37,97.7,0,0,0
2024-03-17,P1,60.88,101.42,0,0,0
2024-03-18,P1,128.25,97.64,0,0,0
2024-03-19,P1,128.77,98.87,0,0,0
2024-03-20,P1,141.99,98.75,0,0,0
2024-03-21,P1,134.32,102.65,0,0,0
2024-03-22,P1,109.69,100.66,0,0,0
2024-03-23,P1,88.17,99.58,0,0,0
2024-03-24,P1,60.44,101.0,0,0,0
2024-03-25,P1,235.8,80.79,1,0,0
2024-03-26,P1,160.02,99.91,0,0,0
2024-03-27,P1,149.99,104.0,0,0,0
2024-03-28,P1,104.51,100.26,0,0,0
2024-03-29,P1,117.25,100.14,0,0,0
2024-03-30,P1,74.78,101.1,0,0,0
2024-03-31,P1,69.25,101.79,0,0,0
2024-04-01,P1,149.29,96.01,0,0,0
2024-04-02,P1,133.89,96.64,0,0,0
2024-04-03,P1,134.42,100.42,0,0,0
2024-04-04,P1,119.95,98.57,0,0,0
2024-04-05,P1,105.37,102.62,0,0,0
2024-04-06,P1,86.2,99.37,0,0,0
2024-04-07,P1,73.6,96.13,0,0,0
2024-04-08,P1,136.45,97.46,0,0,0
2024-04-09,P1,102.17,94.5,0,0,0
2024-04-10,P1,150.09,99.53,0,0,0
2024-04-11,P1,176.66,99.62,0,0,0
2024-04-12,P1,107.0,99.15,0,0,0
2024-04-13,P1,81.96,102.16,0,0,0
2024-04-14,P1,78.85,102.4,0,0,0
2024-04-15,P1,124.26,99.66,0,0,0
2024-04-16,P1,163.66,95.73,0,0,0
2024-04-17,P1,138.05,101.23,0,0,0
2024-04-18,P1,177.77,101.11,0,0,0
2024-04-19,P1,84.64,100.62,0,0,0
2024-04-20,P1,70.14,101.96,0,0,0
2024-04-21,P1,67.8,97.67,0,0,0
2024-04-22,P1,143.56,104.02,0,0,0
2024-04-23,P1,133.38,98.08,0,0,0
2024-04-24,P1,132.46,101.5,0,0,0
2024-04-25,P1,167.77,96.63,0,0,0
2024-04-26,P1,130.65,98.14,0,0,0
2024-04-27,P1,87.22,103.03,0,0,0
2024-04-28,P1,71.7,99.48,0,0,0
2024-04-29,P1,111.7,101.68,0,0,0
2024-04-30,P1,138.87,100.47,0,0,0
2024-05-01,P1,164.98,99.79,0,0,0
2024-05-02,P1,165.96,102.73,0,0,0
2024-05-03,P1,118.26,99.53,0,0,0
2024-05-04,P1,149.37,81.44,1,0,0
2024-05-05,P1,54.45,98.39,0,0,0
2024-05-06,P1,129.69,101.1,0,0,0
2024-05-07,P1,133.21,100.79,0,0,0
2024-05-08,P1,200.01,96.87,0,0,0
2024-05-09,P1,122.46,98.55,0,0,0
2024-05-10,P1,164.2,98.84,0,0,0
2024-05-11,P1,77.01,99.27,0,0,0
2024-05-12,P1,50.02,97.25,0,0,0
2024-05-13,P1,136.9,98.74,0,0,0
2024-05-14,P1,140.97,98.54,0,0,0
2024-05-15,P1,299.52,86.54,1,0,0
2024-05-16,P1,137.24,101.62,0,0,0
2024-05-17,P1,175.67,99.71,0,0,0
2024-05-18,P1,99.99,99.22,0,0,0
2024-05-19,P1,71.96,100.28,0,0,0
2024-05-20,P1,125.31,98.37,0,0,0
2024-05-21,P1,118.33,97.71,0,0,0
2024-05-22,P1,167.57,98.12,0,0,0
2024-05-23,P1,153.88,98.73,0,0,0
2024-05-24,P1,152.42,97.67,0,0,0
2024-05-25,P1,95.67,100.32,0,0,0
2024-05-26,P1,102.06,101.46,0,0,0
2024-05-27,P1,139.47,96.83,0,0,0
2024-05-28,P1,170.58,100.05,0,0,0
2024-05-29,P1,233.9,84.56,1,0,0
2024-05-30,P1,136.19,100.68,0,0,0
2024-05-31,P1,139.22,99.97,0,0,0
2024-06-01,P1,82.01,97.09,0,0,0
2024-06-02,P1,55.14,97.48,0,0,0
2024-06-03,P1,118.08,100.06,0,0,0
2024-06-04,P1,123.63,102.06,0,0,0
2024-06-05,P1,149.78,95.57,0,0,0
2024-06-06,P1,188.8,100.69,0,0,0
2024-06-07,P1,134.68,102.38,0,0,0
2024-06-08,P1,82.07,99.69,0,0,0
2024-06-09,P1,78.39,101.1,0,0,0
2024-06-10,P1,149.07,98.59,0,0,0
2024-06-11,P1,158.52,99.76,0,0,0
2024-06-12,P1,264.6,81.76,1,0,0
2024-06-13,P1,145.82,95.31,0,0,0
2024-06-14,P1,134.94,101.89,0,0,0
2024-06-15,P1,88.24,98.03,0,0,0
2024-06-16,P1,83.72,99.09,0,0,0
2024-06-17,P1,151.16,97.23,0,0,0
2024-06-18,P1,142.69,97.18,0,0,0
2024-06-19,P1,143.71,99.65,0,0,0
2024-06-20,P1,220.45,98.54,0,0,0
2024-06-21,P1,97.07,100.76,0,0,0
2024-06-22,P1,103.94,100.91,0,0,0
2024-06-23,P1,75.33,100.64,0,0,0
2024-06-24,P1,246.53,85.48,1,0,0
2024-06-25,P1,169.38,103.16,0,0,0
2024-06-26,P1,174.15,97.86,0,0,0
2024-06-27,P1,150.9,99.89,0,0,0
2024-06-28,P1,172.96,102.27,0,0,0
2024-06-29,P1,95.81,102.53,0,0,0
2024-06-30,P1,69.12,97.16,0,0,0
2024-07-01,P1,181.24,99.38,0,0,0
2024-07-02,P1,113.33,102.72,0,0,0
2024-07-03,P1,204.95,101.02,0,0,0
2024-07-04,P1,118.91,100.39,0,1,0
2024-07-05,P1,104.71,99.56,0,0,0
2024-07-06,P1,97.53,99.23,0,0,0
2024-07-07,P1,68.27,100.58,0,0,0
2024-07-08,P1,134.64,99.5,0,0,0
2024-07-09,P1,82.74,99.91,0,0,1
2024-07-10,P1,162.86,100.16,0,0,0
2024-07-11,P1,185.58,98.64,0,0,0
2024-07-12,P1,105.32,101.06,0,0,0
2024-07-13,P1,89.08,105.83,0,0,0
2024-07-14,P1,80.22,96.45,0,0,0
2024-07-15,P1,160.96,100.65,0,0,0
2024-07-16,P1,143.23,98.48,0,0,0
2024-07-17,P1,208.85,101.15,0,0,0
2024-07-18,P1,167.21,100.09,0,0,0
2024-07-19,P1,131.9,101.52,0,0,0
2024-07-20,P1,60.11,102.35,0,0,0
2024-07-21,P1,67.33,100.38,0,0,0
2024-07-22,P1,157.7,102.26,0,0,0
2024-07-23,P1,300.89,80.31,1,0,0
2024-07-24,P1,152.23,103.18,0,0,0
2024-07-25,P1,194.49,100.75,0,0,0
2024-07-26,P1,113.92,102.16,0,0,0
2024-07-27,P1,93.71,97.56,0,0,0
2024-07-28,P1,77.56,98.34,0,0,0
2024-07-29,P1,155.08,100.29,0,0,0
2024-07-30,P1,152.54,99.97,0,0,0
2024-07-31,P1,163.11,100.57,0,0,0
2024-08-01,P1,127.69,102.17,0,0,0
2024-08-02,P1,170.19,96.47,0,0,0
2024-08-03,P1,94.79,101.95,0,0,0
2024-08-04,P1,73.61,100.02,0,0,0
2024-08-05,P1,162.44,99.59,0,0,0
2024-08-06,P1,186.24,97.06,0,0,0
2024-08-07,P1,165.83,101.01,0,0,0
2024-08-08,P1,216.58,95.17,0,0,0
2024-08-09,P1,143.96,101.3,0,0,0
2024-08-10,P1,75.76,97.02,0,0,0
2024-08-11,P1,71.87,100.11,0,0,0
2024-08-12,P1,160.66,99.76,0,0,0
2024-08-13,P1,172.1,102.34,0,0,0
2024-08-14,P1,247.27,84.64,1,0,0
2024-08-15,P1,130.63,98.61,0,0,0
2024-08-16,P1,127.19,98.99,0,0,0
2024-08-17,P1,64.3,102.55,0,0,0
2024-08-18,P1,75.57,101.07,0,0,0
2024-08-19,P1,128.58,99.23,0,0,0
2024-08-20,P1,128.36,99.53,0,0,0
2024-08-21,P1,176.3,96.87,0,0,0
2024-08-22,P1,182.45,100.78,0,0,0
2024-08-23,P1,119.51,96.48,0,0,0
2024-08-24,P1,81.17,101.5,0,0,0
2024-08-25,P1,64.8,100.26,0,0,0
2024-08-26,P1,232.05,89.77,1,0,0
2024-08-27,P1,141.8,97.8,0,0,0
2024-08-28,P1,124.96,99.79,0,0,0
2024-08-29,P1,136.32,103.6,0,0,0
2024-08-30,P1,144.56,102.38,0,0,0
2024-08-31,P1,77.28,98.61,0,0,0
2024-09-01,P1,59.32,100.45,0,0,0
2024-09-02,P1,128.32,100.0,0,0,0
2024-09-03,P1,116.66,100.56,0,0,0
2024-09-04,P1,141.23,98.6,0,0,0
2024-09-05,P1,128.96,99.82,0,0,0
2024-09-06,P1,178.32,96.8,0,0,0
2024-09-07,P1,56.73,100.27,0,0,0
2024-09-08,P1,55.61,100.9,0,0,0
2024-09-09,P1,117.01,99.55,0,0,0
2024-09-10,P1,119.67,96.77,0,0,0
2024-09-11,P1,145.3,101.98,0,0,0
2024-09-12,P1,121.23,100.73,0,0,0
2024-09-13,P1,97.18,98.55,0,0,0
2024-09-14,P1,77.02,99.44,0,0,0
2024-09-15,P1,62.14,97.0,0,0,0
2024-09-16,P1,115.39,97.95,0,0,0
2024-09-17,P1,162.56,98.92,0,0,0
2024-09-18,P1,141.97,102.46,0,0,0
2024-09-19,P1,142.72,98.72,0,0,0
2024-09-20,P1,123.93,101.28,0,0,0
2024-09-21,P1,79.6,98.92,0,0,0
2024-09-22,P1,58.63,100.5,0,0,0
2024-09-23,P1,109.75,99.72,0,0,0
2024-09-24,P1,127.29,101.75,0,0,0
2024-09-25,P1,129.77,98.93,0,0,0
2024-09-26,P1,148.13,81.85,1,0,0
2024-09-27,P1,100.48,97.24,0,0,0
2024-09-28,P1,68.73,98.94,0,0,0
2024-09-29,P1,70.67,97.5,0,0,0
2024-09-30,P1,120.19,100.82,0,0,0
2024-10-01,P1,110.06,99.07,0,0,0
2024-10-02,P1,103.3,104.75,0,0,0
2024-10-03,P1,157.55,96.52,0,0,0
2024-10-04,P1,107.84,100.41,0,0,0
2024-10-05,P1,45.22,97.74,0,0,0
2024-10-06,P1,57.88,99.01,0,0,0
2024-10-07,P1,205.73,85.28,1,0,0
2024-10-08,P1,107.69,95.35,0,0,0
2024-10-09,P1,127.3,100.47,0,0,0
2024-10-10,P1,121.49,103.81,0,0,0
2024-10-11,P1,92.9,99.09,0,0,0
2024-10-12,P1,82.1,100.52,0,0,0
2024-10-13,P1,94.43,87.05,1,0,0
2024-10-14,P1,107.53,99.67,0,0,0
2024-10-15,P1,117.22,98.84,0,0,0
2024-10-16,P1,107.57,95.45,0,0,0
2024-10-17,P1,97.45,101.28,0,0,0
2024-10-18,P1,158.89,99.77,0,0,1
2024-10-19,P1,64.49,97.97,0,0,0
2024-10-20,P1,53.47,100.25,0,0,0
2024-10-21,P1,137.61,98.83,0,0,0
2024-10-22,P1,129.29,98.94,0,0,0
2024-10-23,P1,90.22,101.21,0,0,0
2024-10-24,P1,145.14,97.32,0,0,0
2024-10-25,P1,94.41,102.09,0,0,0
2024-10-26,P1,75.67,97.2,0,0,0
2024-10-27,P1,52.06,98.67,0,0,0
2024-10-28,P1,105.45,103.85,0,0,0
2024-10-29,P1,91.8,102.25,0,0,0
2024-10-30,P1,124.35,100.2,0,0,0
2024-10-31,P1,135.1,98.12,0,0,0
2024-11-01,P1,80.04,98.94,0,0,0
2024-11-02,P1,73.01,100.15,0,0,0
2024-11-03,P1,47.9,100.08,0,0,0
2024-11-04,P1,137.26,99.82,0,0,0
2024-11-05,P1,124.89,99.94,0,0,0
2024-11-06,P1,127.43,99.57,0,0,0
2024-11-07,P1,115.16,97.12,0,0,0
2024-11-08,P1,146.96,98.97,0,0,0
2024-11-09,P1,57.44,101.83,0,0,0
2024-11-10,P1,46.32,97.26,0,0,0
2024-11-11,P1,94.87,99.62,0,0,0
2024-11-12,P1,130.56,98.36,0,0,0
2024-11-13,P1,115.75,100.22,0,0,0
2024-11-14,P1,112.19,99.22,0,0,0
2024-11-15,P1,88.72,102.95,0,0,0
2024-11-16,P1,60.26,101.01,0,0,0
2024-11-17,P1,49.2,97.38,0,0,0
2024-11-18,P1,111.95,101.34,0,0,0
2024-11-19,P1,105.69,98.45,0,0,0
2024-11-20,P1,103.64,98.85,0,0,0
2024-11-21,P1,126.51,100.63,0,0,0
2024-11-22,P1,84.39,99.02,0,0,0
2024-11-23,P1,60.89,101.79,0,0,0
2024-11-24,P1,38.3,98.45,0,0,0
2024-11-25,P1,83.25,98.76,0,0,0
2024-11-26,P1,102.45,98.69,0,0,0
2024-11-27,P1,104.18,98.87,0,0,0
2024-11-28,P1,68.7,102.2,0,1,0
2024-11-29,P1,106.14,101.26,0,0,0
2024-11-30,P1,65.88,103.42,0,0,0
2024-12-01,P1,49.99,104.54,0,0,0
2024-12-02,P1,88.05,97.94,0,0,0
2024-12-03,P1,103.63,100.14,0,0,0
2024-12-04,P1,150.02,97.65,0,0,0
2024-12-05,P1,157.42,98.44,0,0,0
2024-12-06,P1,111.78,98.74,0,0,0
2024-12-07,P1,52.92,97.89,0,0,0
2024-12-08,P1,50.56,97.9,0,0,0
2024-12-09,P1,104.0,99.71,0,0,0
2024-12-10,P1,109.45,97.57,0,0,0
2024-12-11,P1,126.63,101.68,0,0,0
2024-12-12,P1,123.02,98.16,0,0,0
2024-12-13,P1,75.64,105.62,0,0,0
2024-12-14,P1,55.11,99.1,0,0,0
2024-12-15,P1,57.55,100.14,0,0,0
2024-12-16,P1,126.92,97.41,0,0,0
2024-12-17,P1,104.47,103.41,0,0,0
2024-12-18,P1,134.42,102.24,0,0,0
2024-12-19,P1,109.16,100.59,0,0,0
2024-12-20,P1,85.51,97.31,0,0,0
2024-12-21,P1,65.52,100.42,0,0,0
2024-12-22,P1,78.84,97.76,0,0,0
2024-12-23,P1,79.44,102.92,0,0,0
2024-12-24,P1,128.64,101.62,0,0,0
2024-12-25,P1,83.72,100.19,0,1,0
2024-12-26,P1,103.54,95.13,0,0,0
2024-12-27,P1,72.26,98.03,0,0,0
2024-12-28,P1,41.38,101.38,0,0,0
2024-12-29,P1,44.93,102.43,0,0,0
2024-12-30,P1,103.83,102.22,0,0,0
2024-12-31,P1,125.24,96.82,0,0,0
2025-01-01,P1,90.9,100.6,0,1,0
2025-01-02,P1,111.11,102.03,0,0,0
2025-01-03,P1,101.9,96.68,0,0,0
2025-01-04,P1,57.6,99.98,0,0,0
2025-01-05,P1,53.47,100.55,0,0,0
2025-01-06,P1,92.11,99.4,0,0,0
2025-01-07,P1,92.28,96.3,0,0,0
2025-01-08,P1,113.89,99.35,0,0,0
2025-01-09,P1,124.71,99.35,0,0,0
2025-01-10,P1,77.95,99.7,0,0,0
2025-01-11,P1,57.16,98.87,0,0,0
2025-01-12,P1,51.96,99.11,0,0,0
2025-01-13,P1,102.78,99.92,0,0,0
2025-01-14,P1,115.53,100.88,0,0,0
2025-01-15,P1,149.4,99.39,0,0,0
2025-01-16,P1,78.6,99.18,0,0,0
2025-01-17,P1,129.33,100.18,0,0,0
2025-01-18,P1,84.65,96.16,0,0,0
2025-01-19,P1,58.59,100.95,0,0,0
2025-01-20,P1,107.4,100.0,0,0,0
2025-01-21,P1,98.94,100.08,0,0,0
2025-01-22,P1,128.05,101.92,0,0,0
2025-01-23,P1,123.49,96.09,0,0,0
2025-01-24,P1,99.71,96.05,0,0,0
2025-01-25,P1,71.22,100.55,0,0,0
2025-01-26,P1,61.53,99.99,0,0,0
2025-01-27,P1,67.51,100.34,0,0,0
2025-01-28,P1,138.31,99.08,0,0,0
2025-01-29,P1,162.78,86.33,1,0,0
2025-01-30,P1,135.33,101.87,0,0,0
2025-01-31,P1,95.94,100.97,0,0,0
2025-02-01,P1,66.91,99.48,0,0,0
2025-02-02,P1,60.24,95.78,0,0,0
2025-02-03,P1,125.52,101.54,0,0,0
2025-02-04,P1,123.23,102.44,0,0,0
2025-02-05,P1,111.7,101.29,0,0,0
2025-02-06,P1,85.47,98.24,0,0,0
2025-02-07,P1,110.32,101.35,0,0,0
2025-02-08,P1,66.11,101.72,0,0,0
2025-02-09,P1,43.41,103.12,0,0,0
2025-02-10,P1,117.69,98.25,0,0,0
2025-02-11,P1,117.1,99.55,0,0,0
2025-02-12,P1,147.0,101.49,0,0,0
2025-02-13,P1,160.44,100.11,0,0,0
2025-02-14,P1,126.61,97.77,0,0,0
2025-02-15,P1,66.18,100.83,0,0,0
2025-02-16,P1,56.37,101.16,0,0,0
2025-02-17,P1,99.67,100.18,0,0,0
2025-02-18,P1,165.14,85.44,1,0,0
2025-02-19,P1,123.88,99.48,0,0,0
2025-02-20,P1,115.26,102.96,0,0,0
2025-02-21,P1,90.28,98.2,0,0,0
2025-02-22,P1,85.8,98.83,0,0,0
2025-02-23,P1,72.36,100.02,0,0,0
2025-02-24,P1,138.29,101.76,0,0,0
2025-02-25,P1,238.17,82.01,1,0,0
2025-02-26,P1,279.03,82.38,1,0,0
2025-02-27,P1,117.77,95.92,0,0,0
2025-02-28,P1,154.93,100.07,0,0,0
2025-03-01,P1,68.87,97.76,0,0,0
2025-03-02,P1,65.91,99.23,0,0,0
2025-03-03,P1,91.43,101.32,0,0,0
2025-03-04,P1,118.08,98.72,0,0,0
2025-03-05,P1,152.4,100.46,0,0,0
2025-03-06,P1,145.23,99.4,0,0,0
2025-03-07,P1,106.43,101.34,0,0,0
2025-03-08,P1,72.8,100.95,0,0,0
2025-03-09,P1,56.42,98.62,0,0,0
2025-03-10,P1,237.61,84.66,1,0,0
2025-03-11,P1,90.21,102.09,0,0,0
2025-03-12,P1,165.75,100.79,0,0,0
2025-03-13,P1,122.03,97.21,0,0,0
2025-03-14,P1,115.47,101.31,0,0,0
2025-03-15,P1,61.63,97.83,0,0,0
2025-03-16,P1,62.51,102.83,0,0,0
2025-03-17,P1,132.33,102.05,0,0,0
2025-03-18,P1,137.49,100.58,0,0,0
2025-03-19,P1,147.81,100.31,0,0,0
2025-03-20,P1,134.7,99.58,0,0,0
2025-03-21,P1,116.84,101.36,0,0,0
2025-03-22,P1,75.4,99.26,0,0,0
2025-03-23,P1,58.7,100.47,0,0,0
2025-03-24,P1,118.19,101.74,0,0,0
2025-03-25,P1,147.43,98.88,0,0,0
2025-03-26,P1,263.39,83.77,1,0,0
2025-03-27,P1,124.24,97.61,0,0,0
2025-03-28,P1,124.82,97.87,0,0,0
2025-03-29,P1,68.35,96.34,0,0,0
2025-03-30,P1,59.61,101.46,0,0,0
2025-03-31,P1,119.52,103.62,0,0,0
2025-04-01,P1,137.33,102.85,0,0,0
2025-04-02,P1,154.69,96.75,0,0,0
2025-04-03,P1,140.4,101.45,0,0,0
2025-04-04,P1,129.99,102.84,0,0,0
2025-04-05,P1,70.88,99.09,0,0,0
2025-04-06,P1,68.69,100.2,0,0,0
2025-04-07,P1,157.66,95.98,0,0,0
2025-04-08,P1,122.87,100.53,0,0,0
2025-04-09,P1,115.96,97.87,0,0,0
2025-04-10,P1,169.52,100.4,0,0,0
2025-04-11,P1,112.75,96.88,0,0,0
2025-04-12,P1,74.42,101.09,0,0,0
2025-04-13,P1,74.3,102.05,0,0,0
2025-04-14,P1,121.37,98.43,0,0,0
2025-04-15,P1,170.95,97.73,0,0,0
2025-04-16,P1,144.29,95.69,0,0,0
2025-04-17,P1,133.13,99.47,0,0,0
2025-04-18,P1,111.98,98.84,0,0,0
2025-04-19,P1,78.31,96.9,0,0,0
2025-04-20,P1,75.26,100.91,0,0,0
2025-04-21,P1,130.47,99.1,0,0,0
2025-04-22,P1,176.28,97.85,0,0,0
2025-04-23,P1,157.74,98.89,0,0,0
2025-04-24,P1,151.34,102.14,0,0,0
2025-04-25,P1,116.78,101.21,0,0,0
2025-04-26,P1,101.86,99.74,0,0,0
2025-04-27,P1,78.53,101.24,0,0,0
2025-04-28,P1,163.64,97.68,0,0,0
2025-04-29,P1,232.02,85.06,1,0,0
2025-04-30,P1,129.21,100.29,0,0,0
2025-05-01,P1,161.16,99.06,0,0,0
2025-05-02,P1,146.67,100.87,0,0,0
2025-05-03,P1,95.76,98.44,0,0,0
2025-05-04,P1,75.92,101.02,0,0,0
2025-05-05,P1,151.08,101.1,0,0,0
2025-05-06,P1,147.88,94.17,0,0,0
2025-05-07,P1,141.45,102.38,0,0,0
2025-05-08,P1,142.67,93.9,0,0,0
2025-05-09,P1,164.76,98.77,0,0,0
2025-05-10,P1,113.83,102.05,0,0,0
2025-05-11,P1,113.09,99.37,0,0,0
2025-05-12,P1,158.33,97.07,0,0,0
2025-05-13,P1,167.94,97.81,0,0,0
2025-05-14,P1,155.77,102.05,0,0,0
2025-05-15,P1,173.53,96.16,0,0,0
2025-05-16,P1,119.13,102.26,0,0,0
2025-05-17,P1,87.39,99.89,0,0,0
2025-05-18,P1,67.93,97.62,0,0,0
2025-05-19,P1,145.15,98.83,0,0,0
2025-05-20,P1,144.28,97.97,0,0,0
2025-05-21,P1,174.65,101.73,0,0,0
2025-05-22,P1,175.59,101.46,0,0,0
2025-05-23,P1,156.26,96.56,0,0,0
2025-05-24,P1,82.73,99.19,0,0,0
2025-05-25,P1,63.83,98.27,0,0,0
2025-05-26,P1,161.67,102.59,0,0,0
2025-05-27,P1,164.54,97.3,0,0,0
2025-05-28,P1,121.1,103.21,0,0,0
2025-05-29,P1,167.74,99.93,0,0,0
2025-05-30,P1,156.48,97.68,0,0,0
2025-05-31,P1,73.08,98.65,0,0,0
2025-06-01,P1,84.07,98.4,0,0,0
2025-06-02,P1,214.25,82.45,1,0,0
2025-06-03,P1,142.48,100.19,0,0,0
2025-06-04,P1,139.39,97.54,0,0,0
2025-06-05,P1,152.87,95.64,0,0,0
2025-06-06,P1,121.62,99.24,0,0,0
2025-06-07,P1,111.68,96.39,0,0,0
2025-06-08,P1,75.31,98.5,0,0,0
2025-06-09,P1,146.49,98.18,0,0,0
2025-06-10,P1,194.3,98.26,0,0,0
2025-06-11,P1,188.66,104.0,0,0,0
2025-06-12,P1,156.64,100.11,0,0,0
2025-06-13,P1,151.66,100.49,0,0,0
2025-06-14,P1,88.26,96.45,0,0,0
2025-06-15,P1,77.11,98.69,0,0,0
2025-06-16,P1,130.13,100.43,0,0,0
2025-06-17,P1,176.89,97.95,0,0,0
2025-06-18,P1,324.64,86.82,1,0,0
2025-06-19,P1,197.61,97.59,0,0,0
2025-06-20,P1,148.65,99.43,0,0,0
2025-06-21,P1,69.77,98.83,0,0,0
2025-06-22,P1,69.81,100.33,0,0,0
2025-06-23,P1,154.37,98.72,0,0,0
2025-06-24,P1,132.49,99.46,0,0,0
2025-06-25,P1,135.25,99.53,0,0,0
2025-06-26,P1,209.97,98.53,0,0,0
2025-06-27,P1,163.73,100.97,0,0,0
2025-06-28,P1,99.21,100.48,0,0,0
2025-06-29,P1,85.71,99.82,0,0,0
2025-06-30,P1,129.53,99.14,0,0,0
2025-07-01,P1,138.43,101.59,0,0,0
2025-07-02,P1,176.08,99.53,0,0,0
2025-07-03,P1,175.12,99.39,0,0,0
2025-07-04,P1,82.22,100.21,0,1,0
2025-07-05,P1,90.62,103.39,0,0,0
2025-07-06,P1,78.4,97.32,0,0,0
2025-07-07,P1,172.81,101.54,0,0,0
2025-07-08,P1,300.1,81.21,1,0,0
2025-07-09,P1,211.66,100.43,0,0,0
2025-07-10,P1,150.61,103.15,0,0,0
2025-07-11,P1,120.69,100.98,0,0,0
2025-07-12,P1,114.76,100.34,0,0,0
2025-07-13,P1,81.68,98.88,0,0,0
2025-07-14,P1,150.78,100.06,0,0,0
2025-07-15,P1,141.23,99.5,0,0,0
2025-07-16,P1,161.6,98.43,0,0,0
2025-07-17,P1,155.36,99.42,0,0,0
2025-07-18,P1,119.88,100.4,0,0,0
2025-07-19,P1,65.94,98.47,0,0,0
2025-07-20,P1,72.31,98.39,0,0,0
2025-07-21,P1,174.3,97.28,0,0,0
2025-07-22,P1,189.14,100.78,0,0,0
2025-07-23,P1,189.02,101.09,0,0,0
2025-07-24,P1,188.42,100.46,0,0,0
2025-07-25,P1,118.53,101.93,0,0,0
2025-07-26,P1,93.26,100.18,0,0,0
2025-07-27,P1,80.24,100.78,0,0,0
2025-07-28,P1,162.11,100.61,0,0,0
2025-07-29,P1,155.04,99.82,0,0,0
2025-07-30,P1,169.19,98.94,0,0,0
2025-07-31,P1,204.13,104.43,0,0,0
2025-08-01,P1,163.96,99.1,0,0,0
2025-08-02,P1,97.19,98.67,0,0,0
2025-08-03,P1,80.92,100.87,0,0,0
2025-08-04,P1,136.63,100.5,0,0,0
2025-08-05,P1,175.53,97.19,0,0,0
2025-08-06,P1,160.17,102.25,0,0,0
2025-08-07,P1,179.69,99.81,0,0,0
2025-08-08,P1,128.47,97.78,0,0,0
2025-08-09,P1,95.19,102.38,0,0,0
2025-08-10,P1,68.22,101.25,0,0,0
2025-08-11,P1,167.65,97.47,0,0,0
2025-08-12,P1,238.12,88.55,1,0,0
2025-08-13,P1,157.72,101.32,0,0,0
2025-08-14,P1,149.43,99.98,0,0,0
2025-08-15,P1,130.68,103.18,0,0,0
2025-08-16,P1,80.59,100.32,0,0,0
2025-08-17,P1,114.54,84.94,1,0,0
2025-08-18,P1,155.71,98.68,0,0,0
2025-08-19,P1,113.99,101.16,0,0,0
2025-08-20,P1,172.64,100.95,0,0,0
2025-08-21,P1,171.39,100.03,0,0,0
2025-08-22,P1,131.87,98.42,0,0,0
2025-08-23,P1,86.42,100.26,0,0,0
2025-08-24,P1,61.01,99.86,0,0,0
2025-08-25,P1,153.88,97.33,0,0,0
2025-08-26,P1,134.18,97.06,0,0,0
2025-08-27,P1,97.5,101.13,0,0,0
2025-08-28,P1,192.05,94.8,0,0,0
2025-08-29,P1,111.73,100.41,0,0,0
2025-08-30,P1,83.04,99.04,0,0,0
2025-08-31,P1,68.87,102.62,0,0,0
2025-09-01,P1,149.21,99.01,0,0,0
2025-09-02,P1,142.0,101.32,0,0,0
2025-09-03,P1,158.44,99.21,0,0,0
2025-09-04,P1,140.86,100.23,0,0,0
2025-09-05,P1,100.41,101.47,0,0,0
2025-09-06,P1,81.88,99.07,0,0,0
2025-09-07,P1,72.16,101.99,0,0,0
2025-09-08,P1,118.52,98.01,0,0,0
2025-09-09,P1,144.37,100.59,0,0,0
2025-09-10,P1,188.16,101.85,0,0,0
2025-09-11,P1,230.35,86.32,1,0,0
2025-09-12,P1,119.98,103.83,0,0,0
2025-09-13,P1,63.36,98.47,0,0,0
2025-09-14,P1,57.69,97.24,0,0,0
2025-09-15,P1,119.04,98.01,0,0,0
2025-09-16,P1,147.53,101.32,0,0,0
2025-09-17,P1,123.38,101.0,0,0,0
2025-09-18,P1,104.44,100.2,0,0,0
2025-09-19,P1,134.28,97.75,0,0,0
2025-09-20,P1,68.22,101.53,0,0,0
2025-09-21,P1,52.31,97.55,0,0,0
2025-09-22,P1,138.66,102.32,0,0,0
2025-09-23,P1,118.82,105.71,0,0,0
2025-09-24,P1,219.26,85.73,1,0,0
2025-09-25,P1,106.2,101.17,0,0,0
2025-09-26,P1,136.24,84.01,1,0,0
2025-09-27,P1,80.69,96.38,0,0,0
2025-09-28,P1,53.76,98.79,0,0,0
2025-09-29,P1,130.95,97.81,0,0,0
2025-09-30,P1,138.67,97.11,0,0,0
2025-10-01,P1,131.64,103.44,0,0,0
2025-10-02,P1,155.61,100.55,0,0,0
2025-10-03,P1,173.03,100.76,0,0,0
2025-10-04,P1,130.66,84.38,1,0,0
2025-10-05,P1,80.78,99.65,0,0,0
2025-10-06,P1,92.98,101.93,0,0,0
2025-10-07,P1,121.72,99.94,0,0,0
2025-10-08,P1,180.34,86.06,1,0,0
2025-10-09,P1,119.01,99.61,0,0,0
2025-10-10,P1,110.8,99.32,0,0,0
2025-10-11,P1,156.23,82.19,1,0,0
2025-10-12,P1,63.57,96.04,0,0,0
2025-10-13,P1,141.49,99.48,0,0,0
2025-10-14,P1,117.2,100.11,0,0,0
2025-10-15,P1,124.18,97.43,0,0,0
2025-10-16,P1,49.93,99.93,0,0,1
2025-10-17,P1,147.97,100.11,0,0,0
2025-10-18,P1,92.02,95.69,0,0,0
2025-10-19,P1,62.1,98.17,0,0,0
2025-10-20,P1,111.82,100.81,0,0,0
2025-10-21,P1,123.07,100.77,0,0,0
2025-10-22,P1,107.05,97.69,0,0,0
2025-10-23,P1,134.01,100.32,0,0,0
2025-10-24,P1,130.5,102.04,0,0,0
2025-10-25,P1,83.33,101.55,0,0,0
2025-10-26,P1,45.12,99.81,0,0,0
2025-10-27,P1,135.81,99.06,0,0,0
2025-10-28,P1,99.14,98.74,0,0,0
2025-10-29,P1,87.98,100.94,0,0,0
2025-10-30,P1,143.95,100.39,0,0,0
2025-10-31,P1,98.03,101.26,0,0,0
2025-11-01,P1,77.8,100.26,0,0,0
2025-11-02,P1,62.69,101.64,0,0,0
2025-11-03,P1,124.63,100.19,0,0,0
2025-11-04,P1,116.75,101.57,0,0,0
2025-11-05,P1,99.49,101.74,0,0,0
2025-11-06,P1,117.3,98.39,0,0,0
2025-11-07,P1,135.76,96.38,0,0,0
2025-11-08,P1,74.15,103.09,0,0,0
2025-11-09,P1,52.93,100.51,0,0,0
2025-11-10,P1,110.6,96.57,0,0,0
2025-11-11,P1,128.87,98.57,0,0,0
2025-11-12,P1,121.18,101.54,0,0,0
2025-11-13,P1,195.32,84.44,1,0,0
2025-11-14,P1,56.85,98.98,0,0,1
2025-11-15,P1,68.12,102.8,0,0,0
2025-11-16,P1,50.58,97.91,0,0,0
2025-11-17,P1,116.46,98.4,0,0,0
2025-11-18,P1,120.67,100.42,0,0,0
2025-11-19,P1,117.77,100.78,0,0,0
2025-11-20,P1,102.77,100.99,0,0,0
2025-11-21,P1,95.27,101.82,0,0,0
2025-11-22,P1,55.57,100.4,0,0,0
2025-11-23,P1,56.03,100.98,0,0,0
2025-11-24,P1,84.48,99.48,0,0,0
2025-11-25,P1,140.28,100.13,0,0,0
2025-11-26,P1,141.43,100.22,0,0,0
2025-11-27,P1,85.81,100.43,0,1,0
2025-11-28,P1,113.72,101.55,0,0,0
2025-11-29,P1,71.32,101.11,0,0,0
2025-11-30,P1,54.33,100.09,0,0,0
2025-12-01,P1,105.4,98.38,0,0,0
2025-12-02,P1,106.38,100.14,0,0,0
2025-12-03,P1,146.58,99.94,0,0,0
2025-12-04,P1,100.84,100.39,0,0,0
2025-12-05,P1,84.77,104.41,0,0,0
2025-12-06,P1,74.42,98.95,0,0,0
2025-12-07,P1,59.65,100.84,0,0,0
2025-12-08,P1,99.2,102.14,0,0,0
2025-12-09,P1,119.88,100.2,0,0,0
2025-12-10,P1,121.48,104.68,0,0,0
2025-12-11,P1,94.0,99.24,0,0,0
2025-12-12,P1,120.8,100.65,0,0,0
2025-12-13,P1,71.26,98.4,0,0,0
2025-12-14,P1,56.8,99.3,0,0,0
2025-12-15,P1,115.86,100.5,0,0,0
2025-12-16,P1,113.71,101.69,0,0,0
2025-12-17,P1,113.48,100.64,0,0,0
2025-12-18,P1,81.24,102.52,0,0,0
2025-12-19,P1,102.47,99.81,0,0,0
2025-12-20,P1,51.39,99.34,0,0,0
2025-12-21,P1,65.96,105.41,0,0,0
2025-12-22,P1,102.76,100.79,0,0,0
2025-12-23,P1,253.74,83.56,1,0,0
2025-12-24,P1,120.83,98.61,0,0,0
2025-12-25,P1,74.59,98.11,0,1,0
2025-12-26,P1,178.76,86.87,1,0,0
2025-12-27,P1,67.91,99.27,0,0,0
2025-12-28,P1,74.56,100.25,0,0,0
2025-12-29,P1,96.47,99.87,0,0,0
2025-12-30,P1,132.99,101.46,0,0,0
2025-12-31,P1,166.67,98.31,0,0,0
2024-01-01,P2,68.33,127.06,0,1,0
2024-01-02,P2,65.27,120.28,0,0,0
2024-01-03,P2,100.79,109.15,1,0,0
2024-01-04,P2,80.92,127.05,0,0,0
2024-01-05,P2,58.68,128.13,0,0,0
2024-01-06,P2,55.3,124.87,0,0,0
2024-01-07,P2,31.95,127.53,0,0,0
2024-01-08,P2,80.82,121.32,0,0,0
2024-01-09,P2,63.84,126.78,0,0,0
2024-01-10,P2,91.64,104.32,1,0,0
2024-01-11,P2,106.52,102.12,1,0,0
2024-01-12,P2,68.53,122.19,0,0,0
2024-01-13,P2,34.84,125.01,0,0,0
2024-01-14,P2,39.13,122.94,0,0,0
2024-01-15,P2,60.38,125.94,0,0,0
2024-01-16,P2,61.47,120.48,0,0,0
2024-01-17,P2,104.84,119.68,0,0,0
2024-01-18,P2,60.84,128.43,0,0,0
2024-01-19,P2,56.86,127.26,0,0,0
2024-01-20,P2,44.95,122.38,0,0,0
2024-01-21,P2,31.47,124.99,0,0,0
2024-01-22,P2,55.65,127.55,0,0,0
2024-01-23,P2,63.24,126.05,0,0,0
2024-01-24,P2,95.61,125.37,0,0,0
2024-01-25,P2,76.3,127.74,0,0,0
2024-01-26,P2,72.35,123.17,0,0,0
2024-01-27,P2,41.8,125.08,0,0,0
2024-01-28,P2,35.84,124.96,0,0,0
2024-01-29,P2,63.91,124.32,0,0,0
2024-01-30,P2,73.1,124.03,0,0,0
2024-01-31,P2,55.09,125.18,0,0,0
2024-02-01,P2,84.37,125.09,0,0,0
2024-02-02,P2,62.47,122.38,0,0,0
2024-02-03,P2,33.82,127.0,0,0,0
2024-02-04,P2,36.11,122.56,0,0,0
2024-02-05,P2,67.19,124.45,0,0,0
2024-02-06,P2,83.42,124.26,0,0,0
2024-02-07,P2,74.9,125.9,0,0,0
2024-02-08,P2,72.07,119.7,0,0,0
2024-02-09,P2,64.5,127.23,0,0,0
2024-02-10,P2,52.39,123.31,0,0,0
2024-02-11,P2,39.11,128.05,0,0,0
2024-02-12,P2,77.2,123.8,0,0,0
2024-02-13,P2,85.77,124.88,0,0,0
2024-02-14,P2,81.7,129.78,0,0,0
2024-02-15,P2,67.64,124.31,0,0,0
2024-02-16,P2,73.53,128.1,0,0,0
2024-02-17,P2,50.46,125.1,0,0,0
2024-02-18,P2,42.19,126.04,0,0,0
2024-02-19,P2,61.02,125.17,0,0,0
2024-02-20,P2,69.0,127.12,0,0,0
2024-02-21,P2,73.63,123.29,0,0,0
2024-02-22,P2,76.76,122.54,0,0,0
2024-02-23,P2,75.16,123.4,0,0,0
2024-02-24,P2,44.87,125.25,0,0,0
2024-02-25,P2,37.81,124.45,0,0,0
2024-02-26,P2,59.22,126.78,0,0,0
2024-02-27,P2,69.56,128.26,0,0,0
2024-02-28,P2,100.51,122.56,0,0,0
2024-02-29,P2,96.39,123.17,0,0,0
2024-03-01,P2,72.78,121.41,0,0,0
2024-03-02,P2,48.03,130.08,0,0,0
2024-03-03,P2,39.37,125.76,0,0,0
2024-03-04,P2,85.01,126.2,0,0,0
2024-03-05,P2,92.69,121.65,0,0,0
2024-03-06,P2,111.19,125.0,0,0,0
2024-03-07,P2,81.57,126.27,0,0,0
2024-03-08,P2,79.57,124.37,0,0,0
2024-03-09,P2,47.85,127.69,0,0,0
2024-03-10,P2,36.74,130.78,0,0,0
2024-03-11,P2,77.13,122.63,0,0,0
2024-03-12,P2,106.94,122.44,0,0,0
2024-03-13,P2,88.11,122.81,0,0,0
2024-03-14,P2,90.26,129.02,0,0,0
2024-03-15,P2,91.86,127.61,0,0,0
2024-03-16,P2,51.54,124.66,0,0,0
2024-03-17,P2,42.64,125.09,0,0,0
2024-03-18,P2,81.48,122.96,0,0,0
2024-03-19,P2,87.38,127.23,0,0,0
2024-03-20,P2,85.33,124.05,0,0,0
2024-03-21,P2,127.51,124.35,0,0,0
2024-03-22,P2,61.81,126.52,0,0,0
2024-03-23,P2,47.82,124.53,0,0,0
2024-03-24,P2,44.39,124.41,0,0,0
2024-03-25,P2,87.75,125.03,0,0,0
2024-03-26,P2,40.42,126.99,0,0,1
2024-03-27,P2,67.41,129.12,0,0,0
2024-03-28,P2,73.37,126.46,0,0,0
2024-03-29,P2,79.52,127.01,0,0,0
2024-03-30,P2,37.2,124.5,0,0,0
2024-03-31,P2,46.46,123.23,0,0,0
2024-04-01,P2,97.81,126.63,0,0,0
2024-04-02,P2,98.69,125.43,0,0,0
2024-04-03,P2,111.06,121.44,0,0,0
2024-04-04,P2,63.49,124.18,0,0,0
2024-04-05,P2,60.21,124.79,0,0,0
2024-04-06,P2,49.7,123.72,0,0,0
2024-04-07,P2,35.53,128.7,0,0,0
2024-04-08,P2,66.97,126.2,0,0,0
2024-04-09,P2,81.39,128.43,0,0,0
2024-04-10,P2,117.72,125.66,0,0,0
2024-04-11,P2,121.59,125.2,0,0,0
2024-04-12,P2,73.93,122.66,0,0,0
2024-04-13,P2,84.3,125.03,0,0,1
2024-04-14,P2,76.85,106.28,1,0,0
2024-04-15,P2,87.03,121.58,0,0,0
2024-04-16,P2,111.96,123.65,0,0,0
2024-04-17,P2,91.1,124.19,0,0,0
2024-04-18,P2,86.0,126.03,0,0,0
2024-04-19,P2,73.49,126.15,0,0,0
2024-04-20,P2,51.9,123.55,0,0,0
2024-04-21,P2,29.29,126.17,0,0,0
2024-04-22,P2,133.27,105.79,1,0,0
2024-04-23,P2,102.74,117.83,0,0,0
2024-04-24,P2,70.59,123.79,0,0,0
2024-04-25,P2,97.35,127.7,0,0,0
2024-04-26,P2,113.69,102.05,1,0,0
2024-04-27,P2,55.46,125.28,0,0,0
2024-04-28,P2,44.61,128.96,0,0,0
2024-04-29,P2,94.89,123.1,0,0,0
2024-04-30,P2,107.67,125.01,0,0,0
2024-05-01,P2,63.14,121.74,0,0,0
2024-05-02,P2,80.73,129.07,0,0,0
2024-05-03,P2,84.11,124.79,0,0,0
2024-05-04,P2,42.2,125.12,0,0,0
2024-05-05,P2,49.5,128.39,0,0,0
2024-05-06,P2,78.82,126.65,0,0,0
2024-05-07,P2,114.34,122.81,0,0,0
2024-05-08,P2,120.03,123.38,0,0,0
2024-05-09,P2,96.87,126.24,0,0,0
2024-05-10,P2,87.03,123.44,0,0,0
2024-05-11,P2,47.44,119.71,0,0,0
2024-05-12,P2,46.99,124.87,0,0,0
2024-05-13,P2,109.12,121.3,0,0,0
2024-05-14,P2,98.94,129.04,0,0,0
2024-05-15,P2,190.91,106.69,1,0,0
2024-05-16,P2,98.37,122.74,0,0,0
2024-05-17,P2,86.22,123.25,0,0,0
2024-05-18,P2,51.95,120.28,0,0,0
2024-05-19,P2,65.31,122.25,0,0,0
2024-05-20,P2,74.32,127.54,0,0,0
2024-05-21,P2,105.07,130.58,0,0,0
2024-05-22,P2,115.84,126.82,0,0,0
2024-05-23,P2,115.36,124.77,0,0,0
2024-05-24,P2,81.0,123.92,0,0,0
2024-05-25,P2,48.21,122.61,0,0,0
2024-05-26,P2,44.44,130.15,0,0,0
2024-05-27,P2,104.39,124.53,0,0,0
2024-05-28,P2,87.34,130.29,0,0,0
2024-05-29,P2,154.56,109.73,1,0,0
2024-05-30,P2,98.98,120.65,0,0,0
2024-05-31,P2,94.07,123.34,0,0,0
2024-06-01,P2,58.89,123.33,0,0,0
2024-06-02,P2,60.6,124.8,0,0,0
2024-06-03,P2,105.17,124.85,0,0,0
2024-06-04,P2,78.23,132.49,0,0,0
2024-06-05,P2,91.28,122.31,0,0,0
2024-06-06,P2,115.58,125.57,0,0,0
2024-06-07,P2,90.71,126.54,0,0,0
2024-06-08,P2,77.18,125.0,0,0,0
2024-06-09,P2,64.15,125.28,0,0,0
2024-06-10,P2,86.83,122.39,0,0,0
2024-06-11,P2,106.08,125.27,0,0,0
2024-06-12,P2,88.36,126.28,0,0,0
2024-06-13,P2,115.44,125.82,0,0,0
2024-06-14,P2,116.9,126.43,0,0,0
2024-06-15,P2,57.62,128.53,0,0,0
2024-06-16,P2,44.67,127.34,0,0,0
2024-06-17,P2,102.85,125.18,0,0,0
2024-06-18,P2,120.17,122.07,0,0,0
2024-06-19,P2,124.28,123.5,0,0,0
2024-06-20,P2,99.4,124.45,0,0,0
2024-06-21,P2,83.37,125.63,0,0,0
2024-06-22,P2,100.17,105.05,1,0,0
2024-06-23,P2,47.26,122.66,0,0,0
2024-06-24,P2,119.7,122.03,0,0,0
2024-06-25,P2,100.81,120.87,0,0,0
2024-06-26,P2,108.66,124.41,0,0,0
2024-06-27,P2,114.8,121.33,0,0,0
2024-06-28,P2,76.18,122.5,0,0,0
2024-06-29,P2,54.02,124.02,0,0,0
2024-06-30,P2,66.02,121.66,0,0,0
2024-07-01,P2,109.2,125.95,0,0,0
2024-07-02,P2,94.69,126.85,0,0,0
2024-07-03,P2,119.85,123.63,0,0,0
2024-07-04,P2,144.97,123.91,0,1,0
2024-07-05,P2,87.83,126.34,0,0,0
2024-07-06,P2,66.55,123.22,0,0,0
2024-07-07,P2,82.3,104.29,1,0,0
2024-07-08,P2,78.76,127.99,0,0,0
2024-07-09,P2,162.19,108.46,1,0,0
2024-07-10,P2,131.6,126.5,0,0,0
2024-07-11,P2,133.28,127.31,0,0,0
2024-07-12,P2,109.08,120.06,0,0,0
2024-07-13,P2,51.02,128.38,0,0,0
2024-07-14,P2,33.87,125.98,0,0,0
2024-07-15,P2,83.86,127.53,0,0,0
2024-07-16,P2,122.08,107.22,1,0,0
2024-07-17,P2,133.95,125.12,0,0,0
2024-07-18,P2,79.05,124.31,0,0,0
2024-07-19,P2,75.66,125.92,0,0,0
2024-07-20,P2,59.4,124.22,0,0,0
2024-07-21,P2,46.55,127.17,0,0,0
2024-07-22,P2,123.26,121.03,0,0,0
2024-07-23,P2,110.1,123.65,0,0,0
2024-07-24,P2,97.12,130.11,0,0,0
2024-07-25,P2,124.28,123.43,0,0,0
2024-07-26,P2,84.97,124.4,0,0,0
2024-07-27,P2,73.07,122.79,0,0,0
2024-07-28,P2,40.97,125.84,0,0,0
2024-07-29,P2,62.01,123.16,0,0,0
2024-07-30,P2,98.21,124.54,0,0,0
2024-07-31,P2,73.26,127.12,0,0,0
2024-08-01,P2,117.53,123.25,0,0,0
2024-08-02,P2,88.84,126.97,0,0,0
2024-08-03,P2,69.25,127.06,0,0,0
2024-08-04,P2,43.57,127.64,0,0,0
2024-08-05,P2,37.08,125.35,0,0,1
2024-08-06,P2,96.23,133.1,0,0,0
2024-08-07,P2,91.19,127.64,0,0,0
2024-08-08,P2,110.4,125.81,0,0,0
2024-08-09,P2,78.46,122.81,0,0,0
2024-08-10,P2,67.57,124.76,0,0,0
2024-08-11,P2,44.6,128.57,0,0,0
2024-08-12,P2,85.69,129.27,0,0,0
2024-08-13,P2,111.85,128.7,0,0,0
2024-08-14,P2,112.5,126.96,0,0,0
2024-08-15,P2,90.47,121.86,0,0,0
2024-08-16,P2,96.91,126.22,0,0,0
2024-08-17,P2,61.56,121.9,0,0,0
2024-08-18,P2,45.94,121.28,0,0,0
2024-08-19,P2,100.51,125.6,0,0,0
2024-08-20,P2,113.55,126.31,0,0,0
2024-08-21,P2,95.05,127.26,0,0,0
2024-08-22,P2,94.02,126.24,0,0,0
2024-08-23,P2,81.74,126.33,0,0,0
2024-08-24,P2,48.46,122.54,0,0,0
2024-08-25,P2,43.7,124.74,0,0,0
2024-08-26,P2,88.7,121.23,0,0,0
2024-08-27,P2,93.21,119.99,0,0,0
2024-08-28,P2,90.88,126.85,0,0,0
2024-08-29,P2,80.61,123.12,0,0,0
2024-08-30,P2,94.26,127.18,0,0,0
2024-08-31,P2,46.42,127.77,0,0,0
2024-09-01,P2,54.19,123.45,0,0,0
2024-09-02,P2,117.26,107.73,1,0,0
2024-09-03,P2,117.42,123.35,0,0,0
2024-09-04,P2,93.36,120.39,0,0,0
2024-09-05,P2,105.15,125.31,0,0,0
2024-09-06,P2,83.36,123.82,0,0,0
2024-09-07,P2,42.39,123.9,0,0,0
2024-09-08,P2,33.5,129.94,0,0,0
2024-09-09,P2,79.19,121.19,0,0,0
2024-09-10,P2,82.12,125.96,0,0,0
2024-09-11,P2,93.81,122.51,0,0,0
2024-09-12,P2,92.77,127.27,0,0,0
2024-09-13,P2,76.49,125.75,0,0,0
2024-09-14,P2,51.42,125.95,0,0,0
2024-09-15,P2,45.17,122.64,0,0,0
2024-09-16,P2,81.25,123.09,0,0,0
2024-09-17,P2,92.84,127.32,0,0,0
2024-09-18,P2,98.27,129.43,0,0,0
2024-09-19,P2,93.37,126.2,0,0,0
2024-09-20,P2,85.35,122.76,0,0,0
2024-09-21,P2,49.59,125.85,0,0,0
2024-09-22,P2,45.03,131.07,0,0,0
2024-09-23,P2,80.04,125.26,0,0,0
2024-09-24,P2,73.79,128.65,0,0,0
2024-09-25,P2,89.63,123.15,0,0,0
2024-09-26,P2,71.09,124.89,0,0,0
2024-09-27,P2,60.3,126.55,0,0,0
2024-09-28,P2,53.54,125.99,0,0,0
2024-09-29,P2,49.71,123.08,0,0,0
2024-09-30,P2,76.19,122.98,0,0,0
2024-10-01,P2,91.57,127.47,0,0,0
2024-10-02,P2,63.8,127.98,0,0,0
2024-10-03,P2,60.51,128.78,0,0,0
2024-10-04,P2,83.65,129.51,0,0,0
2024-10-05,P2,49.53,125.34,0,0,0
2024-10-06,P2,38.67,124.22,0,0,0
2024-10-07,P2,94.41,128.38,0,0,0
2024-10-08,P2,77.06,126.78,0,0,0
2024-10-09,P2,73.41,122.54,0,0,0
2024-10-10,P2,66.91,122.42,0,0,0
2024-10-11,P2,71.11,126.23,0,0,0
2024-10-12,P2,46.7,124.56,0,0,0
2024-10-13,P2,36.39,124.93,0,0,0
2024-10-14,P2,83.55,127.68,0,0,0
2024-10-15,P2,93.54,126.9,0,0,0
2024-10-16,P2,75.28,128.32,0,0,0
2024-10-17,P2,64.18,120.17,0,0,0
2024-10-18,P2,72.8,125.63,0,0,0
2024-10-19,P2,51.48,126.74,0,0,0
2024-10-20,P2,36.2,121.18,0,0,0
2024-10-21,P2,80.38,123.36,0,0,0
2024-10-22,P2,66.19,122.9,0,0,0
2024-10-23,P2,83.1,125.05,0,0,0
2024-10-24,P2,81.68,129.07,0,0,0
2024-10-25,P2,68.33,130.06,0,0,0
2024-10-26,P2,58.47,122.96,0,0,0
2024-10-27,P2,43.81,126.32,0,0,0
2024-10-28,P2,78.47,126.4,0,0,0
2024-10-29,P2,86.6,125.97,0,0,0
2024-10-30,P2,89.52,126.0,0,0,0
2024-10-31,P2,79.01,125.76,0,0,0
2024-11-01,P2,64.02,129.22,0,0,0
2024-11-02,P2,38.58,127.76,0,0,0
2024-11-03,P2,50.64,103.6,1,0,0
2024-11-04,P2,85.71,126.99,0,0,0
2024-11-05,P2,96.06,127.23,0,0,0
2024-11-06,P2,76.56,125.79,0,0,0
2024-11-07,P2,73.72,127.83,0,0,0
2024-11-08,P2,71.64,125.47,0,0,0
2024-11-09,P2,40.42,125.5,0,0,0
2024-11-10,P2,29.58,125.3,0,0,0
2024-11-11,P2,59.52,119.95,0,0,0
2024-11-12,P2,95.97,124.8,0,0,0
2024-11-13,P2,59.72,123.33,0,0,0
2024-11-14,P2,79.84,122.03,0,0,0
2024-11-15,P2,49.68,128.59,0,0,0
2024-11-16,P2,39.75,126.26,0,0,0
2024-11-17,P2,32.27,124.93,0,0,0
2024-11-18,P2,55.67,123.59,0,0,0
2024-11-19,P2,77.42,125.74,0,0,0
2024-11-20,P2,61.74,127.48,0,0,0
2024-11-21,P2,87.45,104.18,1,0,0
2024-11-22,P2,71.33,124.99,0,0,0
2024-11-23,P2,37.49,127.17,0,0,0
2024-11-24,P2,31.39,120.16,0,0,0
2024-11-25,P2,75.51,124.86,0,0,0
2024-11-26,P2,59.9,123.93,0,0,0
2024-11-27,P2,56.52,124.67,0,0,0
2024-11-28,P2,100.71,123.75,0,1,0
2024-11-29,P2,81.55,125.34,0,0,0
2024-11-30,P2,37.38,129.81,0,0,0
2024-12-01,P2,21.41,124.19,0,0,0
2024-12-02,P2,64.44,125.73,0,0,0
2024-12-03,P2,75.39,129.99,0,0,0
2024-12-04,P2,87.17,123.62,0,0,0
2024-12-05,P2,58.66,129.54,0,0,0
2024-12-06,P2,59.97,125.01,0,0,0
2024-12-07,P2,39.37,129.45,0,0,0
2024-12-08,P2,36.45,126.88,0,0,0
2024-12-09,P2,72.38,125.77,0,0,0
2024-12-10,P2,74.71,124.84,0,0,0
2024-12-11,P2,86.82,123.44,0,0,0
2024-12-12,P2,70.25,125.19,0,0,0
2024-12-13,P2,76.22,127.24,0,0,0
2024-12-14,P2,36.29,124.97,0,0,0
2024-12-15,P2,36.73,124.21,0,0,0
2024-12-16,P2,62.04,124.37,0,0,0
2024-12-17,P2,66.19,127.48,0,0,0
2024-12-18,P2,70.54,128.06,0,0,0
2024-12-19,P2,67.12,123.33,0,0,0
2024-12-20,P2,75.45,123.33,0,0,0
2024-12-21,P2,36.93,125.95,0,0,0
2024-12-22,P2,31.61,128.82,0,0,0
2024-12-23,P2,69.67,127.86,0,0,0
2024-12-24,P2,101.3,121.87,0,0,0
2024-12-25,P2,91.73,124.34,0,1,0
2024-12-26,P2,73.46,122.67,0,0,0
2024-12-27,P2,47.21,124.33,0,0,0
2024-12-28,P2,37.27,129.01,0,0,0
2024-12-29,P2,30.97,121.44,0,0,0
2024-12-30,P2,65.53,120.95,0,0,0
2024-12-31,P2,66.25,122.93,0,0,0
2025-01-01,P2,90.29,125.72,0,1,0
2025-01-02,P2,68.69,126.55,0,0,0
2025-01-03,P2,54.55,126.09,0,0,0
2025-01-04,P2,44.24,127.94,0,0,0
2025-01-05,P2,28.83,120.59,0,0,0
2025-01-06,P2,64.84,127.97,0,0,0
2025-01-07,P2,68.99,124.22,0,0,0
2025-01-08,P2,75.96,126.83,0,0,0
2025-01-09,P2,88.1,121.69,0,0,0
2025-01-10,P2,92.87,125.01,0,0,0
2025-01-11,P2,40.36,125.59,0,0,0
2025-01-12,P2,29.53,127.89,0,0,0
2025-01-13,P2,62.35,121.04,0,0,0
2025-01-14,P2,63.01,125.08,0,0,0
2025-01-15,P2,79.85,122.29,0,0,0
2025-01-16,P2,52.37,126.26,0,0,0
2025-01-17,P2,52.09,126.94,0,0,0
2025-01-18,P2,41.4,128.22,0,0,0
2025-01-19,P2,39.68,123.66,0,0,0
2025-01-20,P2,76.87,127.32,0,0,0
2025-01-21,P2,114.86,109.65,1,0,0
2025-01-22,P2,88.43,120.89,0,0,0
2025-01-23,P2,86.63,126.53,0,0,0
2025-01-24,P2,60.22,127.4,0,0,0
2025-01-25,P2,48.56,124.35,0,0,0
2025-01-26,P2,27.96,121.97,0,0,0
2025-01-27,P2,55.67,127.36,0,0,0
2025-01-28,P2,71.43,122.0,0,0,0
2025-01-29,P2,59.39,124.55,0,0,0
2025-01-30,P2,82.27,124.9,0,0,0
2025-01-31,P2,60.34,126.79,0,0,0
2025-02-01,P2,41.96,123.43,0,0,0
2025-02-02,P2,22.26,123.29,0,0,0
2025-02-03,P2,69.49,125.25,0,0,0
2025-02-04,P2,68.81,127.52,0,0,0
2025-02-05,P2,65.99,130.72,0,0,0
2025-02-06,P2,86.34,121.23,0,0,0
2025-02-07,P2,61.97,125.79,0,0,0
2025-02-08,P2,43.46,122.28,0,0,0
2025-02-09,P2,37.04,127.55,0,0,0
2025-02-10,P2,87.41,122.65,0,0,0
2025-02-11,P2,90.3,123.31,0,0,0
2025-02-12,P2,75.43,123.53,0,0,0
2025-02-13,P2,69.68,124.81,0,0,0
2025-02-14,P2,84.22,125.81,0,0,0
2025-02-15,P2,39.95,126.21,0,0,0
2025-02-16,P2,39.53,124.99,0,0,0
2025-02-17,P2,58.39,121.68,0,0,0
2025-02-18,P2,55.28,126.82,0,0,0
2025-02-19,P2,82.6,124.87,0,0,0
2025-02-20,P2,75.52,127.9,0,0,0
2025-02-21,P2,80.66,123.23,0,0,0
2025-02-22,P2,41.78,120.99,0,0,0
2025-02-23,P2,39.31,124.91,0,0,0
2025-02-24,P2,81.09,128.24,0,0,0
2025-02-25,P2,71.18,125.4,0,0,0
2025-02-26,P2,79.97,124.5,0,0,0
2025-02-27,P2,71.02,122.82,0,0,0
2025-02-28,P2,78.38,129.39,0,0,0
2025-03-01,P2,51.26,122.43,0,0,0
2025-03-02,P2,43.04,123.19,0,0,0
2025-03-03,P2,73.64,126.43,0,0,0
2025-03-04,P2,92.29,120.36,0,0,0
2025-03-05,P2,54.86,128.19,0,0,0
2025-03-06,P2,81.31,126.56,0,0,0
2025-03-07,P2,91.8,127.25,0,0,0
2025-03-08,P2,46.55,126.4,0,0,0
2025-03-09,P2,46.0,124.6,0,0,0
2025-03-10,P2,78.59,122.34,0,0,0
2025-03-11,P2,101.67,124.65,0,0,0
2025-03-12,P2,79.62,122.56,0,0,0
2025-03-13,P2,91.05,126.22,0,0,0
2025-03-14,P2,68.16,127.02,0,0,0
2025-03-15,P2,48.54,128.69,0,0,0
2025-03-16,P2,36.96,125.93,0,0,0
2025-03-17,P2,79.38,127.31,0,0,0
2025-03-18,P2,81.06,124.26,0,0,0
2025-03-19,P2,100.38,123.8,0,0,0
2025-03-20,P2,93.96,126.18,0,0,0
2025-03-21,P2,71.52,124.03,0,0,0
2025-03-22,P2,44.44,125.67,0,0,0
2025-03-23,P2,57.23,103.6,1,0,0
2025-03-24,P2,72.34,122.8,0,0,0
2025-03-25,P2,96.26,126.59,0,0,0
2025-03-26,P2,78.36,127.22,0,0,0
2025-03-27,P2,97.83,122.54,0,0,0
2025-03-28,P2,73.27,126.68,0,0,0
2025-03-29,P2,59.46,123.67,0,0,0
2025-03-30,P2,88.99,106.29,1,0,0
2025-03-31,P2,52.53,128.54,0,0,0
2025-04-01,P2,77.9,127.02,0,0,0
2025-04-02,P2,85.81,126.99,0,0,0
2025-04-03,P2,139.03,111.02,1,0,0
2025-04-04,P2,80.29,123.24,0,0,0
2025-04-05,P2,43.75,122.54,0,0,0
2025-04-06,P2,58.13,123.19,0,0,0
2025-04-07,P2,84.85,124.36,0,0,0
2025-04-08,P2,104.25,119.11,0,0,0
2025-04-09,P2,104.4,124.48,0,0,0
2025-04-10,P2,76.63,123.64,0,0,0
2025-04-11,P2,78.05,126.96,0,0,0
2025-04-12,P2,87.06,107.13,1,0,0
2025-04-13,P2,55.27,123.5,0,0,0
2025-04-14,P2,83.54,126.47,0,0,0
2025-04-15,P2,75.2,126.81,0,0,0
2025-04-16,P2,91.92,123.08,0,0,0
2025-04-17,P2,92.83,123.77,0,0,0
2025-04-18,P2,85.0,119.44,0,0,0
2025-04-19,P2,48.74,122.27,0,0,0
2025-04-20,P2,37.06,123.14,0,0,0
2025-04-21,P2,76.57,125.19,0,0,0
2025-04-22,P2,89.73,122.64,0,0,0
2025-04-23,P2,179.3,104.97,1,0,0
2025-04-24,P2,119.82,121.94,0,0,0
2025-04-25,P2,88.23,125.43,0,0,0
2025-04-26,P2,46.35,126.06,0,0,0
2025-04-27,P2,42.25,126.01,0,0,0
2025-04-28,P2,67.52,125.03,0,0,0
2025-04-29,P2,124.49,121.15,0,0,0
2025-04-30,P2,93.8,123.45,0,0,0
2025-05-01,P2,107.55,123.98,0,0,0
2025-05-02,P2,104.18,123.99,0,0,0
2025-05-03,P2,72.13,125.19,0,0,0
2025-05-04,P2,51.31,128.56,0,0,0
2025-05-05,P2,86.68,127.03,0,0,0
2025-05-06,P2,109.42,122.53,0,0,0
2025-05-07,P2,130.68,126.7,0,0,0
2025-05-08,P2,90.85,126.6,0,0,0
2025-05-09,P2,73.34,122.98,0,0,0
2025-05-10,P2,49.0,127.12,0,0,0
2025-05-11,P2,51.07,124.6,0,0,0
2025-05-12,P2,93.14,121.48,0,0,0
2025-05-13,P2,97.89,126.14,0,0,0
2025-05-14,P2,114.8,125.54,0,0,0
2025-05-15,P2,91.07,124.43,0,0,0
2025-05-16,P2,89.44,124.91,0,0,0
2025-05-17,P2,54.21,123.2,0,0,0
2025-05-18,P2,60.33,126.53,0,0,0
2025-05-19,P2,108.84,124.89,0,0,0
2025-05-20,P2,95.53,125.42,0,0,0
2025-05-21,P2,98.97,125.89,0,0,0
2025-05-22,P2,139.45,122.11,0,0,0
2025-05-23,P2,120.32,122.76,0,0,0
2025-05-24,P2,65.8,119.48,0,0,0
2025-05-25,P2,47.72,126.41,0,0,0
2025-05-26,P2,82.85,121.97,0,0,0
2025-05-27,P2,89.78,125.33,0,0,0
2025-05-28,P2,86.99,125.93,0,0,0
2025-05-29,P2,122.0,126.51,0,0,0
2025-05-30,P2,79.24,121.99,0,0,0
2025-05-31,P2,55.13,124.84,0,0,0
2025-06-01,P2,35.35,129.18,0,0,0
2025-06-02,P2,74.34,129.29,0,0,0
2025-06-03,P2,111.37,127.47,0,0,0
2025-06-04,P2,112.02,125.84,0,0,0
2025-06-05,P2,108.89,122.49,0,0,0
2025-06-06,P2,138.19,126.8,0,0,1
2025-06-07,P2,45.98,124.6,0,0,0
2025-06-08,P2,44.8,126.4,0,0,0
2025-06-09,P2,97.39,123.42,0,0,0
2025-06-10,P2,113.86,124.57,0,0,0
2025-06-11,P2,125.79,125.41,0,0,0
2025-06-12,P2,117.87,125.62,0,0,0
2025-06-13,P2,96.85,126.23,0,0,0
2025-06-14,P2,60.05,123.55,0,0,0
2025-06-15,P2,52.53,121.64,0,0,0
2025-06-16,P2,86.86,129.06,0,0,0
2025-06-17,P2,148.73,112.47,1,0,0
2025-06-18,P2,104.66,126.12,0,0,0
2025-06-19,P2,152.74,121.69,0,0,0
2025-06-20,P2,98.89,123.07,0,0,0
2025-06-21,P2,42.48,126.27,0,0,0
2025-06-22,P2,44.71,128.35,0,0,0
2025-06-23,P2,97.45,121.97,0,0,0
2025-06-24,P2,118.26,124.69,0,0,0
2025-06-25,P2,113.94,125.49,0,0,0
2025-06-26,P2,109.24,127.16,0,0,0
2025-06-27,P2,181.29,105.39,1,0,0
2025-06-28,P2,78.88,121.09,0,0,0
2025-06-29,P2,53.85,126.55,0,0,0
2025-06-30,P2,90.7,127.81,0,0,0
2025-07-01,P2,98.39,124.79,0,0,0
2025-07-02,P2,64.58,126.01,0,0,0
2025-07-03,P2,127.82,123.81,0,0,0
2025-07-04,P2,104.06,122.89,0,1,0
2025-07-05,P2,57.02,127.57,0,0,0
2025-07-06,P2,45.35,125.97,0,0,0
2025-07-07,P2,82.48,126.23,0,0,0
2025-07-08,P2,135.89,128.76,0,0,0
2025-07-09,P2,109.67,122.36,0,0,0
2025-07-10,P2,133.2,123.62,0,0,0
2025-07-11,P2,88.01,125.39,0,0,0
2025-07-12,P2,53.98,123.59,0,0,0
2025-07-13,P2,86.49,108.21,1,0,0
2025-07-14,P2,114.11,124.53,0,0,0
2025-07-15,P2,123.3,122.52,0,0,0
2025-07-16,P2,103.98,125.16,0,0,0
2025-07-17,P2,116.16,125.43,0,0,0
2025-07-18,P2,83.17,127.34,0,0,0
2025-07-19,P2,58.28,125.98,0,0,0
2025-07-20,P2,45.91,126.15,0,0,0
2025-07-21,P2,89.95,125.8,0,0,0
2025-07-22,P2,156.01,105.78,1,0,0
2025-07-23,P2,91.36,123.21,0,0,0
2025-07-24,P2,118.64,125.72,0,0,0
2025-07-25,P2,86.33,124.17,0,0,0
2025-07-26,P2,63.09,129.22,0,0,0
2025-07-27,P2,40.42,128.36,0,0,0
2025-07-28,P2,88.31,126.58,0,0,0
2025-07-29,P2,84.06,125.95,0,0,0
2025-07-30,P2,88.43,124.78,0,0,0
2025-07-31,P2,93.98,121.85,0,0,0
2025-08-01,P2,79.15,124.46,0,0,0
2025-08-02,P2,48.05,125.25,0,0,0
2025-08-03,P2,47.06,125.57,0,0,0
2025-08-04,P2,101.74,126.17,0,0,0
2025-08-05,P2,106.31,127.3,0,0,0
2025-08-06,P2,80.81,123.27,0,0,0
2025-08-07,P2,98.64,123.29,0,0,0
2025-08-08,P2,81.09,128.63,0,0,0
2025-08-09,P2,66.99,126.93,0,0,0
2025-08-10,P2,74.7,105.27,1,0,0
2025-08-11,P2,92.1,124.73,0,0,0
2025-08-12,P2,78.54,124.74,0,0,0
2025-08-13,P2,89.88,125.08,0,0,0
2025-08-14,P2,78.62,126.18,0,0,0
2025-08-15,P2,130.86,112.59,1,0,0
2025-08-16,P2,67.15,125.47,0,0,0
2025-08-17,P2,40.05,126.66,0,0,0
2025-08-18,P2,91.82,120.78,0,0,0
2025-08-19,P2,84.59,123.79,0,0,0
2025-08-20,P2,88.5,128.07,0,0,0
2025-08-21,P2,98.26,126.01,0,0,0
2025-08-22,P2,126.09,114.03,0,0,0
2025-08-23,P2,64.64,126.69,0,0,0
2025-08-24,P2,54.62,129.8,0,0,0
2025-08-25,P2,107.51,120.01,0,0,0
2025-08-26,P2,87.17,128.8,0,0,0
2025-08-27,P2,99.05,118.07,0,0,0
2025-08-28,P2,83.47,127.34,0,0,0
2025-08-29,P2,57.33,124.98,0,0,0
2025-08-30,P2,53.94,119.13,0,0,0
2025-08-31,P2,53.49,126.12,0,0,0
2025-09-01,P2,104.69,127.88,0,0,0
2025-09-02,P2,127.27,125.91,0,0,0
2025-09-03,P2,97.03,126.46,0,0,0
2025-09-04,P2,78.63,123.97,0,0,0
2025-09-05,P2,93.09,120.35,0,0,0
2025-09-06,P2,67.25,126.73,0,0,0
2025-09-07,P2,51.86,129.37,0,0,0
2025-09-08,P2,116.39,109.07,1,0,0
2025-09-09,P2,79.24,120.03,0,0,0
2025-09-10,P2,81.46,121.21,0,0,0
2025-09-11,P2,84.18,122.89,0,0,0
2025-09-12,P2,76.76,121.02,0,0,0
2025-09-13,P2,48.26,125.11,0,0,0
2025-09-14,P2,45.95,125.98,0,0,0
2025-09-15,P2,82.4,121.42,0,0,0
2025-09-16,P2,86.68,126.94,0,0,0
2025-09-17,P2,71.5,126.5,0,0,0
2025-09-18,P2,138.02,104.88,1,0,0
2025-09-19,P2,69.86,124.57,0,0,0
2025-09-20,P2,40.12,120.13,0,0,0
2025-09-21,P2,39.17,124.17,0,0,0
2025-09-22,P2,64.89,125.02,0,0,0
2025-09-23,P2,79.88,125.42,0,0,0
2025-09-24,P2,90.24,125.95,0,0,0
2025-09-25,P2,107.31,125.61,0,0,0
2025-09-26,P2,67.87,124.34,0,0,0
2025-09-27,P2,48.62,125.72,0,0,0
2025-09-28,P2,35.55,127.51,0,0,0
2025-09-29,P2,63.02,124.76,0,0,0
2025-09-30,P2,102.56,125.79,0,0,0
2025-10-01,P2,89.89,124.53,0,0,0
2025-10-02,P2,93.1,123.38,0,0,0
2025-10-03,P2,93.83,126.31,0,0,0
2025-10-04,P2,44.69,123.61,0,0,0
2025-10-05,P2,31.96,125.97,0,0,0
2025-10-06,P2,68.39,125.07,0,0,0
2025-10-07,P2,66.91,124.24,0,0,0
2025-10-08,P2,101.16,124.18,0,0,0
2025-10-09,P2,112.21,123.73,0,0,0
2025-10-10,P2,120.39,102.14,1,0,0
2025-10-11,P2,76.94,107.21,1,0,0
2025-10-12,P2,43.78,125.58,0,0,0
2025-10-13,P2,95.76,127.12,0,0,0
2025-10-14,P2,106.53,123.67,0,0,0
2025-10-15,P2,59.56,129.74,0,0,0
2025-10-16,P2,74.91,124.05,0,0,0
2025-10-17,P2,72.86,122.81,0,0,0
2025-10-18,P2,41.23,122.52,0,0,0
2025-10-19,P2,37.3,120.67,0,0,0
2025-10-20,P2,76.24,128.83,0,0,0
2025-10-21,P2,53.14,128.43,0,0,0
2025-10-22,P2,84.81,126.5,0,0,0
2025-10-23,P2,93.23,122.76,0,0,0
2025-10-24,P2,67.04,129.53,0,0,0
2025-10-25,P2,30.63,124.12,0,0,0
2025-10-26,P2,34.75,124.33,0,0,0
2025-10-27,P2,73.61,128.59,0,0,0
2025-10-28,P2,86.93,126.65,0,0,0
2025-10-29,P2,85.55,130.5,0,0,0
2025-10-30,P2,76.04,125.62,0,0,0
2025-10-31,P2,62.28,124.01,0,0,0
2025-11-01,P2,43.17,123.47,0,0,0
2025-11-02,P2,28.55,120.38,0,0,0
2025-11-03,P2,65.7,124.3,0,0,0
2025-11-04,P2,86.64,127.86,0,0,0
2025-11-05,P2,75.98,126.5,0,0,0
2025-11-06,P2,80.37,125.05,0,0,0
2025-11-07,P2,55.51,122.51,0,0,0
2025-11-08,P2,48.59,125.57,0,0,0
2025-11-09,P2,33.37,127.53,0,0,0
2025-11-10,P2,72.55,126.08,0,0,0
2025-11-11,P2,78.94,125.42,0,0,0
2025-11-12,P2,89.85,123.01,0,0,0
2025-11-13,P2,75.18,127.17,0,0,0
2025-11-14,P2,69.57,117.17,0,0,0
2025-11-15,P2,34.25,125.96,0,0,0
2025-11-16,P2,25.93,131.43,0,0,0
2025-11-17,P2,72.84,121.23,0,0,0
2025-11-18,P2,76.06,124.4,0,0,0
2025-11-19,P2,81.01,124.98,0,0,0
2025-11-20,P2,65.71,123.84,0,0,0
2025-11-21,P2,57.99,127.59,0,0,0
2025-11-22,P2,61.57,107.43,1,0,0
2025-11-23,P2,31.61,125.38,0,0,0
2025-11-24,P2,94.58,126.99,0,0,0
2025-11-25,P2,64.99,125.04,0,0,0
2025-11-26,P2,73.22,132.95,0,0,0
2025-11-27,P2,94.18,125.38,0,1,0
2025-11-28,P2,72.54,125.49,0,0,0
2025-11-29,P2,39.2,120.72,0,0,0
2025-11-30,P2,36.87,123.64,0,0,0
2025-12-01,P2,69.38,127.87,0,0,0
2025-12-02,P2,79.26,121.66,0,0,0
2025-12-03,P2,78.89,119.61,0,0,0
2025-12-04,P2,81.45,125.08,0,0,0
2025-12-05,P2,63.51,128.43,0,0,0
2025-12-06,P2,32.79,125.11,0,0,0
2025-12-07,P2,34.59,124.16,0,0,0
2025-12-08,P2,73.0,120.35,0,0,0
2025-12-09,P2,77.18,126.13,0,0,0
2025-12-10,P2,73.53,126.65,0,0,0
2025-12-11,P2,96.66,120.55,0,0,0
2025-12-12,P2,60.43,127.84,0,0,0
2025-12-13,P2,36.16,126.91,0,0,0
2025-12-14,P2,39.36,127.83,0,0,0
2025-12-15,P2,100.69,107.71,1,0,0
2025-12-16,P2,69.04,126.63,0,0,0
2025-12-17,P2,75.45,126.3,0,0,0
2025-12-18,P2,72.54,127.17,0,0,0
2025-12-19,P2,71.71,120.45,0,0,0
2025-12-20,P2,45.64,121.25,0,0,0
2025-12-21,P2,30.79,123.16,0,0,0
2025-12-22,P2,56.12,124.68,0,0,0
2025-12-23,P2,59.17,125.97,0,0,0
2025-12-24,P2,86.63,125.81,0,0,0
2025-12-25,P2,77.71,127.79,0,1,0
2025-12-26,P2,69.13,127.87,0,0,0
2025-12-27,P2,45.23,122.82,0,0,0
2025-12-28,P2,33.28,125.6,0,0,0
2025-12-29,P2,59.66,122.88,0,0,0
2025-12-30,P2,131.32,105.78,1,0,0
2025-12-31,P2,111.03,107.05,1,0,0
2024-01-01,P3,122.09,149.01,0,1,0
2024-01-02,P3,171.12,149.61,0,0,0
2024-01-03,P3,314.31,129.17,1,0,0
2024-01-04,P3,157.24,148.63,0,0,0
2024-01-05,P3,151.77,149.19,0,0,0
2024-01-06,P3,140.96,149.7,0,0,0
2024-01-07,P3,89.37,154.41,0,0,0
2024-01-08,P3,164.02,150.09,0,0,0
2024-01-09,P3,150.31,146.29,0,0,0
2024-01-10,P3,182.29,146.41,0,0,0
2024-01-11,P3,198.2,150.42,0,0,0
2024-01-12,P3,174.16,146.61,0,0,0
2024-01-13,P3,76.0,145.31,0,0,0
2024-01-14,P3,62.56,151.91,0,0,0
2024-01-15,P3,125.98,152.05,0,0,0
2024-01-16,P3,183.69,148.9,0,0,0
2024-01-17,P3,223.8,128.38,1,0,0
2024-01-18,P3,150.74,150.56,0,0,0
2024-01-19,P3,148.79,151.81,0,0,0
2024-01-20,P3,113.56,151.81,0,0,0
2024-01-21,P3,94.06,142.18,0,0,0
2024-01-22,P3,157.99,149.28,0,0,0
2024-01-23,P3,191.64,151.55,0,0,0
2024-01-24,P3,246.02,148.77,0,0,0
2024-01-25,P3,179.09,150.11,0,0,0
2024-01-26,P3,127.0,152.25,0,0,0
2024-01-27,P3,86.09,150.24,0,0,0
2024-01-28,P3,69.44,154.52,0,0,0
2024-01-29,P3,144.89,153.38,0,0,0
2024-01-30,P3,166.92,149.64,0,0,0
2024-01-31,P3,192.58,149.41,0,0,0
2024-02-01,P3,156.71,141.45,0,0,0
2024-02-02,P3,133.13,149.02,0,0,0
2024-02-03,P3,114.13,145.94,0,0,0
2024-02-04,P3,77.84,150.66,0,0,0
2024-02-05,P3,148.71,150.46,0,0,0
2024-02-06,P3,169.62,152.09,0,0,0
2024-02-07,P3,219.81,154.19,0,0,0
2024-02-08,P3,206.0,149.92,0,0,0
2024-02-09,P3,170.33,156.84,0,0,0
2024-02-10,P3,131.17,150.7,0,0,0
2024-02-11,P3,93.5,146.07,0,0,0
2024-02-12,P3,227.66,148.31,0,0,0
2024-02-13,P3,241.95,148.88,0,0,0
2024-02-14,P3,153.08,151.78,0,0,0
2024-02-15,P3,244.84,124.66,1,0,0
2024-02-16,P3,144.18,149.11,0,0,0
2024-02-17,P3,126.23,149.52,0,0,0
2024-02-18,P3,86.42,148.66,0,0,0
2024-02-19,P3,165.2,152.43,0,0,0
2024-02-20,P3,207.94,151.92,0,0,0
2024-02-21,P3,175.26,153.5,0,0,0
2024-02-22,P3,200.33,149.01,0,0,0
2024-02-23,P3,180.88,153.61,0,0,0
2024-02-24,P3,97.2,145.91,0,0,0
2024-02-25,P3,132.58,123.33,1,0,0
2024-02-26,P3,187.99,146.36,0,0,0
2024-02-27,P3,195.87,150.03,0,0,0
2024-02-28,P3,218.18,153.61,0,0,0
2024-02-29,P3,264.37,148.19,0,0,0
2024-03-01,P3,151.24,148.57,0,0,0
2024-03-02,P3,99.95,149.35,0,0,0
2024-03-03,P3,119.81,151.72,0,0,0
2024-03-04,P3,217.47,148.57,0,0,0
2024-03-05,P3,194.64,148.4,0,0,0
2024-03-06,P3,252.22,145.96,0,0,0
2024-03-07,P3,176.05,148.28,0,0,0
2024-03-08,P3,167.91,153.53,0,0,0
2024-03-09,P3,72.1,150.27,0,0,0
2024-03-10,P3,98.89,147.78,0,0,0
2024-03-11,P3,175.38,153.71,0,0,0
2024-03-12,P3,193.98,148.24,0,0,0
2024-03-13,P3,226.09,154.26,0,0,0
2024-03-14,P3,390.01,131.71,1,0,0
2024-03-15,P3,171.04,150.17,0,0,0
2024-03-16,P3,98.35,145.5,0,0,0
2024-03-17,P3,58.19,134.37,1,0,1
2024-03-18,P3,141.46,151.16,0,0,0
2024-03-19,P3,263.71,149.03,0,0,0
2024-03-20,P3,234.29,152.87,0,0,0
2024-03-21,P3,224.19,152.11,0,0,0
2024-03-22,P3,166.84,153.93,0,0,0
2024-03-23,P3,110.74,148.01,0,0,0
2024-03-24,P3,115.15,150.96,0,0,0
2024-03-25,P3,160.05,146.44,0,0,0
2024-03-26,P3,194.62,152.0,0,0,0
2024-03-27,P3,263.85,149.93,0,0,0
2024-03-28,P3,203.32,150.84,0,0,0
2024-03-29,P3,212.37,149.56,0,0,0
2024-03-30,P3,121.02,149.25,0,0,0
2024-03-31,P3,68.71,147.4,0,0,0
2024-04-01,P3,196.78,152.37,0,0,0
2024-04-02,P3,209.78,154.47,0,0,0
2024-04-03,P3,222.4,148.33,0,0,0
2024-04-04,P3,183.76,151.66,0,0,0
2024-04-05,P3,189.05,151.3,0,0,0
2024-04-06,P3,91.96,150.02,0,0,0
2024-04-07,P3,101.38,145.42,0,0,0
2024-04-08,P3,376.69,123.6,1,0,0
2024-04-09,P3,282.76,147.66,0,0,0
2024-04-10,P3,462.2,121.08,1,0,0
2024-04-11,P3,187.85,154.22,0,0,0
2024-04-12,P3,158.63,151.1,0,0,0
2024-04-13,P3,130.35,149.91,0,0,0
2024-04-14,P3,112.13,143.43,0,0,0
2024-04-15,P3,242.54,144.53,0,0,0
2024-04-16,P3,203.22,149.99,0,0,0
2024-04-17,P3,226.1,155.91,0,0,0
2024-04-18,P3,235.23,147.9,0,0,0
2024-04-19,P3,189.16,152.59,0,0,0
2024-04-20,P3,153.5,126.06,1,0,0
2024-04-21,P3,120.31,150.17,0,0,0
2024-04-22,P3,216.44,153.64,0,0,0
2024-04-23,P3,259.22,148.96,0,0,0
2024-04-24,P3,284.75,147.93,0,0,0
2024-04-25,P3,224.8,154.25,0,0,0
2024-04-26,P3,231.79,150.14,0,0,0
2024-04-27,P3,162.9,153.27,0,0,0
2024-04-28,P3,149.55,147.94,0,0,0
2024-04-29,P3,223.2,154.22,0,0,0
2024-04-30,P3,244.13,150.82,0,0,0
2024-05-01,P3,251.71,151.3,0,0,0
2024-05-02,P3,259.28,150.39,0,0,0
2024-05-03,P3,248.29,148.48,0,0,0
2024-05-04,P3,139.2,149.99,0,0,0
2024-05-05,P3,149.46,148.67,0,0,0
2024-05-06,P3,282.35,152.88,0,0,0
2024-05-07,P3,239.5,149.39,0,0,0
2024-05-08,P3,259.24,145.51,0,0,0
2024-05-09,P3,236.93,144.96,0,0,0
2024-05-10,P3,383.11,122.32,1,0,0
2024-05-11,P3,127.98,151.85,0,0,0
2024-05-12,P3,108.13,146.55,0,0,0
2024-05-13,P3,245.59,150.9,0,0,0
2024-05-14,P3,201.89,150.41,0,0,0
2024-05-15,P3,291.89,149.81,0,0,0
2024-05-16,P3,267.36,151.32,0,0,0
2024-05-17,P3,276.35,150.47,0,0,0
2024-05-18,P3,154.0,141.87,0,0,0
2024-05-19,P3,129.66,149.03,0,0,0
2024-05-20,P3,158.04,151.28,0,0,0
2024-05-21,P3,265.99,154.92,0,0,0
2024-05-22,P3,294.78,155.06,0,0,0
2024-05-23,P3,265.3,145.91,0,0,0
2024-05-24,P3,334.86,126.45,1,0,0
2024-05-25,P3,151.62,145.3,0,0,0
2024-05-26,P3,129.77,154.56,0,0,0
2024-05-27,P3,268.49,153.04,0,0,0
2024-05-28,P3,186.75,151.05,0,0,0
2024-05-29,P3,386.33,150.5,0,0,0
2024-05-30,P3,225.54,154.14,0,0,0
2024-05-31,P3,241.63,153.63,0,0,0
2024-06-01,P3,167.64,153.47,0,0,0
2024-06-02,P3,114.87,151.37,0,0,0
2024-06-03,P3,280.99,148.95,0,0,0
2024-06-04,P3,185.85,152.3,0,0,0
2024-06-05,P3,184.02,152.45,0,0,0
2024-06-06,P3,304.77,149.43,0,0,0
2024-06-07,P3,263.8,148.95,0,0,0
2024-06-08,P3,194.51,153.4,0,0,0
2024-06-09,P3,188.55,132.49,1,0,0
2024-06-10,P3,277.38,147.75,0,0,0
2024-06-11,P3,320.64,149.21,0,0,0
2024-06-12,P3,317.02,151.05,0,0,0
2024-06-13,P3,251.66,151.46,0,0,0
2024-06-14,P3,237.05,148.43,0,0,0
2024-06-15,P3,131.84,155.65,0,0,0
2024-06-16,P3,111.51,151.27,0,0,0
2024-06-17,P3,265.03,151.59,0,0,0
2024-06-18,P3,231.08,155.28,0,0,0
2024-06-19,P3,298.38,148.65,0,0,0
2024-06-20,P3,253.06,149.73,0,0,0
2024-06-21,P3,234.0,146.24,0,0,0
2024-06-22,P3,125.86,149.48,0,0,0
2024-06-23,P3,138.48,145.53,0,0,0
2024-06-24,P3,176.4,152.24,0,0,0
2024-06-25,P3,294.72,151.26,0,0,0
2024-06-26,P3,558.63,126.67,1,0,0
2024-06-27,P3,259.62,149.7,0,0,0
2024-06-28,P3,222.11,152.28,0,0,0
2024-06-29,P3,115.53,146.59,0,0,0
2024-06-30,P3,109.05,150.61,0,0,0
2024-07-01,P3,267.88,152.1,0,0,0
2024-07-02,P3,305.35,144.65,0,0,0
2024-07-03,P3,263.61,152.05,0,0,0
2024-07-04,P3,317.69,122.48,1,1,0
2024-07-05,P3,198.35,149.65,0,0,0
2024-07-06,P3,155.22,146.51,0,0,0
2024-07-07,P3,218.13,131.79,1,0,0
2024-07-08,P3,452.71,124.03,1,0,0
2024-07-09,P3,327.99,145.05,0,0,0
2024-07-10,P3,330.4,150.4,0,0,0
2024-07-11,P3,275.74,148.76,0,0,0
2024-07-12,P3,139.25,145.49,0,0,0
2024-07-13,P3,162.74,151.58,0,0,0
2024-07-14,P3,101.39,144.03,0,0,0
2024-07-15,P3,158.89,146.89,0,0,0
2024-07-16,P3,184.03,148.27,0,0,0
2024-07-17,P3,298.31,152.41,0,0,0
2024-07-18,P3,262.78,153.89,0,0,0
2024-07-19,P3,222.48,153.31,0,0,0
2024-07-20,P3,152.9,149.54,0,0,0
2024-07-21,P3,91.9,142.72,0,0,0
2024-07-22,P3,221.45,151.17,0,0,0
2024-07-23,P3,211.56,154.41,0,0,0
2024-07-24,P3,251.74,153.7,0,0,0
2024-07-25,P3,252.65,151.39,0,0,0
2024-07-26,P3,244.18,146.43,0,0,0
2024-07-27,P3,155.04,148.42,0,0,0
2024-07-28,P3,82.32,155.8,0,0,0
2024-07-29,P3,229.03,145.75,0,0,0
2024-07-30,P3,246.41,146.56,0,0,0
2024-07-31,P3,201.26,152.83,0,0,0
2024-08-01,P3,200.67,148.71,0,0,0
2024-08-02,P3,164.3,146.45,0,0,0
2024-08-03,P3,51.9,154.58,0,0,1
2024-08-04,P3,127.07,151.38,0,0,0
2024-08-05,P3,175.12,148.85,0,0,0
2024-08-06,P3,191.38,146.56,0,0,0
2024-08-07,P3,238.7,156.14,0,0,0
2024-08-08,P3,257.56,149.93,0,0,0
2024-08-09,P3,204.3,154.19,0,0,0
2024-08-10,P3,110.52,152.68,0,0,0
2024-08-11,P3,91.33,148.44,0,0,0
2024-08-12,P3,226.84,148.46,0,0,0
2024-08-13,P3,343.71,154.34,0,0,0
2024-08-14,P3,229.36,154.39,0,0,0
2024-08-15,P3,233.88,144.37,0,0,0
2024-08-16,P3,232.4,151.65,0,0,0
2024-08-17,P3,127.59,149.64,0,0,0
2024-08-18,P3,89.67,146.9,0,0,0
2024-08-19,P3,203.55,150.79,0,0,0
2024-08-20,P3,255.22,145.95,0,0,0
2024-08-21,P3,231.15,148.6,0,0,0
2024-08-22,P3,256.82,147.6,0,0,0
2024-08-23,P3,230.5,148.5,0,0,0
2024-08-24,P3,125.04,149.79,0,0,0
2024-08-25,P3,109.1,146.95,0,0,0
2024-08-26,P3,195.44,154.72,0,0,0
2024-08-27,P3,357.72,128.98,1,0,0
2024-08-28,P3,211.61,155.38,0,0,0
2024-08-29,P3,244.71,149.52,0,0,0
2024-08-30,P3,209.0,148.35,0,0,0
2024-08-31,P3,89.49,155.28,0,0,0
2024-09-01,P3,114.36,148.27,0,0,0
2024-09-02,P3,212.91,149.47,0,0,0
2024-09-03,P3,382.94,129.66,1,0,0
2024-09-04,P3,194.63,146.29,0,0,0
2024-09-05,P3,226.78,152.13,0,0,0
2024-09-06,P3,178.85,151.75,0,0,0
2024-09-07,P3,89.94,153.81,0,0,0
2024-09-08,P3,114.24,130.17,1,0,0
2024-09-09,P3,245.76,153.9,0,0,0
2024-09-10,P3,221.3,149.67,0,0,0
2024-09-11,P3,219.7,147.41,0,0,0
2024-09-12,P3,162.16,156.33,0,0,0
2024-09-13,P3,244.06,145.42,0,0,0
2024-09-14,P3,110.88,145.72,0,0,0
2024-09-15,P3,102.7,151.7,0,0,0
2024-09-16,P3,193.61,154.87,0,0,0
2024-09-17,P3,274.55,150.57,0,0,0
2024-09-18,P3,210.84,153.0,0,0,0
2024-09-19,P3,205.26,144.01,0,0,0
2024-09-20,P3,195.78,148.5,0,0,0
2024-09-21,P3,195.99,121.88,1,0,0
2024-09-22,P3,141.21,152.34,0,0,0
2024-09-23,P3,199.78,145.36,0,0,0
2024-09-24,P3,172.92,146.17,0,0,0
2024-09-25,P3,197.43,151.54,0,0,0
2024-09-26,P3,209.89,153.19,0,0,0
2024-09-27,P3,194.65,149.52,0,0,0
2024-09-28,P3,87.15,151.71,0,0,0
2024-09-29,P3,86.84,151.61,0,0,0
2024-09-30,P3,249.61,149.35,0,0,0
2024-10-01,P3,175.99,146.72,0,0,0
2024-10-02,P3,232.0,151.69,0,0,0
2024-10-03,P3,188.95,151.84,0,0,0
2024-10-04,P3,173.64,152.68,0,0,0
2024-10-05,P3,87.07,150.94,0,0,0
2024-10-06,P3,91.67,146.49,0,0,0
2024-10-07,P3,188.23,152.07,0,0,0
2024-10-08,P3,191.97,150.0,0,0,0
2024-10-09,P3,198.09,148.55,0,0,0
2024-10-10,P3,216.35,149.12,0,0,0
2024-10-11,P3,143.16,147.93,0,0,0
2024-10-12,P3,111.26,152.67,0,0,0
2024-10-13,P3,66.67,145.75,0,0,0
2024-10-14,P3,219.14,147.02,0,0,0
2024-10-15,P3,185.45,149.01,0,0,0
2024-10-16,P3,213.23,154.84,0,0,0
2024-10-17,P3,119.91,153.16,0,0,0
2024-10-18,P3,193.26,145.08,0,0,0
2024-10-19,P3,91.34,154.05,0,0,0
2024-10-20,P3,85.65,154.05,0,0,0
2024-10-21,P3,199.6,146.48,0,0,0
2024-10-22,P3,324.82,119.94,1,0,0
2024-10-23,P3,208.34,149.78,0,0,0
2024-10-24,P3,174.15,153.37,0,0,0
2024-10-25,P3,191.15,154.77,0,0,0
2024-10-26,P3,103.51,147.39,0,0,0
2024-10-27,P3,81.03,155.26,0,0,0
2024-10-28,P3,299.58,120.82,1,0,0
2024-10-29,P3,181.28,148.9,0,0,0
2024-10-30,P3,155.79,148.75,0,0,0
2024-10-31,P3,154.38,153.46,0,0,0
2024-11-01,P3,180.33,153.89,0,0,0
2024-11-02,P3,111.88,152.86,0,0,0
2024-11-03,P3,97.27,145.95,0,0,0
2024-11-04,P3,176.02,152.59,0,0,0
2024-11-05,P3,160.93,151.53,0,0,0
2024-11-06,P3,174.58,144.99,0,0,0
2024-11-07,P3,188.22,143.8,0,0,0
2024-11-08,P3,182.29,153.11,0,0,0
2024-11-09,P3,102.94,149.46,0,0,0
2024-11-10,P3,73.17,146.14,0,0,0
2024-11-11,P3,132.13,149.38,0,0,0
2024-11-12,P3,194.22,151.09,0,0,0
2024-11-13,P3,224.67,149.75,0,0,0
2024-11-14,P3,141.27,145.34,0,0,0
2024-11-15,P3,169.24,155.66,0,0,0
2024-11-16,P3,101.71,153.01,0,0,0
2024-11-17,P3,72.59,148.99,0,0,0
2024-11-18,P3,168.73,149.11,0,0,0
2024-11-19,P3,141.17,151.08,0,0,0
2024-11-20,P3,176.68,146.61,0,0,0
2024-11-21,P3,173.22,150.97,0,0,0
2024-11-22,P3,299.19,123.51,1,0,0
2024-11-23,P3,92.7,149.79,0,0,0
2024-11-24,P3,74.2,146.49,0,0,0
2024-11-25,P3,173.17,146.65,0,0,0
2024-11-26,P3,175.8,154.94,0,0,0
2024-11-27,P3,156.82,150.18,0,0,0
2024-11-28,P3,102.23,150.62,0,1,0
2024-11-29,P3,137.07,143.97,0,0,0
2024-11-30,P3,116.52,148.21,0,0,0
2024-12-01,P3,84.86,151.38,0,0,0
2024-12-02,P3,149.92,150.58,0,0,0
2024-12-03,P3,205.17,143.54,0,0,0
2024-12-04,P3,154.62,150.62,0,0,0
2024-12-05,P3,167.03,151.1,0,0,0
2024-12-06,P3,121.44,153.85,0,0,0
2024-12-07,P3,111.71,148.03,0,0,0
2024-12-08,P3,73.47,143.27,0,0,0
2024-12-09,P3,142.82,147.01,0,0,0
2024-12-10,P3,179.08,146.71,0,0,0
2024-12-11,P3,119.75,152.21,0,0,0
2024-12-12,P3,146.69,141.85,0,0,0
2024-12-13,P3,167.49,148.65,0,0,0
2024-12-14,P3,78.4,154.28,0,0,0
2024-12-15,P3,110.04,150.02,0,0,0
2024-12-16,P3,157.19,152.69,0,0,0
2024-12-17,P3,130.45,145.07,0,0,0
2024-12-18,P3,120.09,145.19,0,0,0
2024-12-19,P3,204.89,154.31,0,0,0
2024-12-20,P3,152.09,150.3,0,0,0
2024-12-21,P3,91.06,150.31,0,0,0
2024-12-22,P3,82.43,146.65,0,0,0
2024-12-23,P3,118.97,150.3,0,0,0
2024-12-24,P3,168.14,146.56,0,0,0
2024-12-25,P3,102.22,153.56,0,1,0
2024-12-26,P3,156.47,158.18,0,0,0
2024-12-27,P3,137.07,151.45,0,0,0
2024-12-28,P3,97.23,148.1,0,0,0
2024-12-29,P3,79.55,142.4,0,0,0
2024-12-30,P3,150.96,144.95,0,0,0
2024-12-31,P3,136.5,154.66,0,0,0
2025-01-01,P3,95.2,146.91,0,1,0
2025-01-02,P3,127.54,148.89,0,0,0
2025-01-03,P3,197.77,129.47,1,0,0
2025-01-04,P3,100.47,154.45,0,0,0
2025-01-05,P3,67.49,149.4,0,0,0
2025-01-06,P3,143.61,148.79,0,0,0
2025-01-07,P3,149.47,150.21,0,0,0
2025-01-08,P3,165.18,148.12,0,0,0
2025-01-09,P3,185.89,148.28,0,0,0
2025-01-10,P3,142.16,151.24,0,0,0
2025-01-11,P3,160.93,128.06,1,0,0
2025-01-12,P3,61.85,156.39,0,0,0
2025-01-13,P3,175.77,151.32,0,0,0
2025-01-14,P3,200.88,153.45,0,0,0
2025-01-15,P3,179.62,146.79,0,0,0
2025-01-16,P3,144.15,151.58,0,0,0
2025-01-17,P3,166.83,147.83,0,0,0
2025-01-18,P3,95.36,151.19,0,0,0
2025-01-19,P3,82.87,152.07,0,0,0
2025-01-20,P3,183.71,150.15,0,0,0
2025-01-21,P3,151.26,157.22,0,0,0
2025-01-22,P3,158.62,154.28,0,0,0
2025-01-23,P3,249.09,153.53,0,0,0
2025-01-24,P3,163.73,152.29,0,0,0
2025-01-25,P3,109.99,155.29,0,0,0
2025-01-26,P3,95.65,145.69,0,0,0
2025-01-27,P3,186.28,154.11,0,0,0
2025-01-28,P3,185.96,147.03,0,0,0
2025-01-29,P3,211.37,148.31,0,0,0
2025-01-30,P3,159.01,151.68,0,0,0
2025-01-31,P3,117.13,153.7,0,0,0
2025-02-01,P3,89.07,146.54,0,0,0
2025-02-02,P3,82.31,148.46,0,0,0
2025-02-03,P3,159.46,150.29,0,0,0
2025-02-04,P3,176.52,149.44,0,0,0
2025-02-05,P3,162.11,152.56,0,0,0
2025-02-06,P3,121.18,160.31,0,0,0
2025-02-07,P3,149.17,151.26,0,0,0
2025-02-08,P3,83.13,147.79,0,0,0
2025-02-09,P3,87.07,146.11,0,0,0
2025-02-10,P3,182.05,149.02,0,0,0
2025-02-11,P3,171.94,147.18,0,0,0
2025-02-12,P3,156.13,151.4,0,0,0
2025-02-13,P3,185.1,151.36,0,0,0
2025-02-14,P3,244.65,148.61,0,0,0
2025-02-15,P3,106.9,155.95,0,0,0
2025-02-16,P3,96.42,147.79,0,0,0
2025-02-17,P3,161.08,149.64,0,0,0
2025-02-18,P3,158.82,151.92,0,0,0
2025-02-19,P3,221.79,152.68,0,0,0
2025-02-20,P3,126.22,153.83,0,0,0
2025-02-21,P3,148.01,151.29,0,0,0
2025-02-22,P3,132.56,153.15,0,0,0
2025-02-23,P3,88.85,148.0,0,0,0
2025-02-24,P3,203.77,130.25,1,0,0
2025-02-25,P3,195.77,152.71,0,0,0
2025-02-26,P3,178.6,154.54,0,0,0
2025-02-27,P3,152.91,144.99,0,0,0
2025-02-28,P3,181.39,147.28,0,0,0
2025-03-01,P3,107.76,152.47,0,0,0
2025-03-02,P3,97.25,142.05,0,0,0
2025-03-03,P3,194.25,151.48,0,0,0
2025-03-04,P3,155.6,153.18,0,0,0
2025-03-05,P3,215.21,148.27,0,0,0
2025-03-06,P3,205.57,148.71,0,0,0
2025-03-07,P3,211.36,146.78,0,0,0
2025-03-08,P3,100.49,148.44,0,0,0
2025-03-09,P3,113.54,148.52,0,0,0
2025-03-10,P3,214.34,147.95,0,0,0
2025-03-11,P3,196.36,147.79,0,0,0
2025-03-12,P3,208.83,149.19,0,0,0
2025-03-13,P3,142.41,149.15,0,0,0
2025-03-14,P3,171.91,155.62,0,0,0
2025-03-15,P3,128.51,148.82,0,0,0
2025-03-16,P3,90.53,151.03,0,0,0
2025-03-17,P3,227.48,148.27,0,0,0
2025-03-18,P3,218.78,148.23,0,0,0
2025-03-19,P3,297.52,144.89,0,0,0
2025-03-20,P3,195.46,145.29,0,0,0
2025-03-21,P3,208.66,146.38,0,0,0
2025-03-22,P3,94.01,150.55,0,0,0
2025-03-23,P3,92.37,153.23,0,0,0
2025-03-24,P3,221.0,144.64,0,0,0
2025-03-25,P3,232.27,148.35,0,0,0
2025-03-26,P3,212.32,145.9,0,0,0
2025-03-27,P3,256.65,149.21,0,0,0
2025-03-28,P3,227.03,153.23,0,0,0
2025-03-29,P3,109.07,148.66,0,0,0
2025-03-30,P3,97.57,149.86,0,0,0
2025-03-31,P3,185.96,154.37,0,0,0
2025-04-01,P3,193.06,151.37,0,0,0
2025-04-02,P3,276.24,147.72,0,0,0
2025-04-03,P3,265.6,150.48,0,0,0
2025-04-04,P3,189.91,147.52,0,0,0
2025-04-05,P3,133.01,151.26,0,0,0
2025-04-06,P3,118.16,151.55,0,0,0
2025-04-07,P3,220.0,145.9,0,0,0
2025-04-08,P3,205.08,150.53,0,0,0
2025-04-09,P3,203.25,149.65,0,0,0
2025-04-10,P3,393.59,151.63,0,0,1
2025-04-11,P3,158.18,152.49,0,0,0
2025-04-12,P3,118.23,151.43,0,0,0
2025-04-13,P3,98.07,149.09,0,0,0
2025-04-14,P3,166.06,152.8,0,0,0
2025-04-15,P3,222.17,147.38,0,0,0
2025-04-16,P3,232.49,146.04,0,0,0
2025-04-17,P3,362.15,117.91,1,0,0
2025-04-18,P3,244.59,149.79,0,0,0
2025-04-19,P3,145.09,147.54,0,0,0
2025-04-20,P3,106.04,151.19,0,0,0
2025-04-21,P3,256.06,144.09,0,0,0
2025-04-22,P3,438.52,125.56,1,0,0
2025-04-23,P3,285.47,151.41,0,0,0
2025-04-24,P3,214.51,146.91,0,0,0
2025-04-25,P3,231.92,151.23,0,0,0
2025-04-26,P3,188.56,125.83,1,0,0
2025-04-27,P3,171.49,127.4,1,0,0
2025-04-28,P3,194.32,151.79,0,0,0
2025-04-29,P3,223.26,152.86,0,0,0
2025-04-30,P3,274.51,150.28,0,0,0
2025-05-01,P3,306.92,147.56,0,0,0
2025-05-02,P3,207.26,148.63,0,0,0
2025-05-03,P3,112.98,151.91,0,0,0
2025-05-04,P3,147.38,146.94,0,0,0
2025-05-05,P3,198.5,149.47,0,0,0
2025-05-06,P3,180.78,148.84,0,0,0
2025-05-07,P3,362.39,127.19,1,0,0
2025-05-08,P3,172.87,146.97,0,0,0
2025-05-09,P3,260.14,144.44,0,0,0
2025-05-10,P3,99.02,151.56,0,0,0
2025-05-11,P3,96.8,152.89,0,0,0
2025-05-12,P3,195.65,144.62,0,0,0
2025-05-13,P3,237.55,151.11,0,0,0
2025-05-14,P3,306.71,153.25,0,0,0
2025-05-15,P3,257.17,151.79,0,0,0
2025-05-16,P3,176.62,148.75,0,0,0
2025-05-17,P3,191.55,147.17,0,0,0
2025-05-18,P3,118.89,150.24,0,0,0
2025-05-19,P3,260.35,150.74,0,0,0
2025-05-20,P3,187.93,150.29,0,0,0
2025-05-21,P3,336.0,149.46,0,0,0
2025-05-22,P3,238.09,146.75,0,0,0
2025-05-23,P3,167.4,151.27,0,0,0
2025-05-24,P3,140.2,151.41,0,0,0
2025-05-25,P3,131.4,150.6,0,0,0
2025-05-26,P3,250.45,150.33,0,0,0
2025-05-27,P3,253.02,155.04,0,0,0
2025-05-28,P3,277.11,148.13,0,0,0
2025-05-29,P3,245.59,153.84,0,0,0
2025-05-30,P3,175.55,147.8,0,0,0
2025-05-31,P3,130.41,153.33,0,0,0
2025-06-01,P3,106.21,153.7,0,0,0
2025-06-02,P3,283.9,149.12,0,0,0
2025-06-03,P3,273.73,154.98,0,0,0
2025-06-04,P3,233.82,151.41,0,0,0
2025-06-05,P3,286.87,147.37,0,0,0
2025-06-06,P3,219.51,148.88,0,0,0
2025-06-07,P3,104.18,153.4,0,0,0
2025-06-08,P3,78.68,152.77,0,0,0
2025-06-09,P3,262.35,146.83,0,0,0
2025-06-10,P3,207.72,149.58,0,0,0
2025-06-11,P3,215.79,150.61,0,0,0
2025-06-12,P3,227.79,148.48,0,0,0
2025-06-13,P3,231.05,157.07,0,0,0
2025-06-14,P3,163.11,150.7,0,0,0
2025-06-15,P3,136.45,149.81,0,0,0
2025-06-16,P3,171.09,153.57,0,0,0
2025-06-17,P3,219.6,148.9,0,0,0
2025-06-18,P3,217.36,153.02,0,0,0
2025-06-19,P3,289.43,145.0,0,0,0
2025-06-20,P3,171.78,148.64,0,0,0
2025-06-21,P3,121.62,153.15,0,0,0
2025-06-22,P3,109.61,154.71,0,0,0
2025-06-23,P3,416.54,125.18,1,0,0
2025-06-24,P3,250.98,147.33,0,0,0
2025-06-25,P3,265.03,151.7,0,0,0
2025-06-26,P3,247.86,148.13,0,0,0
2025-06-27,P3,256.81,149.19,0,0,0
2025-06-28,P3,160.29,152.63,0,0,0
2025-06-29,P3,127.04,148.37,0,0,0
2025-06-30,P3,286.16,144.1,0,0,0
2025-07-01,P3,366.51,146.1,0,0,0
2025-07-02,P3,285.13,150.03,0,0,0
2025-07-03,P3,260.23,144.41,0,0,0
2025-07-04,P3,163.45,149.11,0,1,0
2025-07-05,P3,171.51,145.82,0,0,0
2025-07-06,P3,104.53,154.92,0,0,0
2025-07-07,P3,180.19,156.5,0,0,0
2025-07-08,P3,230.9,146.83,0,0,0
2025-07-09,P3,265.0,150.77,0,0,0
2025-07-10,P3,252.33,147.12,0,0,0
2025-07-11,P3,191.31,149.07,0,0,0
2025-07-12,P3,135.63,155.41,0,0,0
2025-07-13,P3,143.27,148.6,0,0,0
2025-07-14,P3,248.11,149.14,0,0,0
2025-07-15,P3,207.44,147.17,0,0,0
2025-07-16,P3,269.55,153.44,0,0,0
2025-07-17,P3,256.93,140.21,0,0,0
2025-07-18,P3,298.98,148.67,0,0,0
2025-07-19,P3,148.75,149.86,0,0,0
2025-07-20,P3,105.72,148.02,0,0,0
2025-07-21,P3,247.84,152.59,0,0,0
2025-07-22,P3,240.12,153.61,0,0,0
2025-07-23,P3,313.03,145.76,0,0,0
2025-07-24,P3,215.75,156.28,0,0,0
2025-07-25,P3,241.22,145.73,0,0,0
2025-07-26,P3,103.43,153.87,0,0,0
2025-07-27,P3,114.25,150.45,0,0,0
2025-07-28,P3,190.87,148.49,0,0,0
2025-07-29,P3,245.31,148.77,0,0,0
2025-07-30,P3,262.57,149.9,0,0,0
2025-07-31,P3,259.15,150.63,0,0,0
2025-08-01,P3,200.86,147.24,0,0,0
2025-08-02,P3,137.43,149.3,0,0,0
2025-08-03,P3,205.72,125.19,1,0,0
2025-08-04,P3,295.19,146.35,0,0,0
2025-08-05,P3,243.65,147.55,0,0,0
2025-08-06,P3,297.86,146.55,0,0,0
2025-08-07,P3,333.04,126.24,1,0,0
2025-08-08,P3,195.85,151.3,0,0,0
2025-08-09,P3,137.12,150.36,0,0,0
2025-08-10,P3,103.47,155.92,0,0,0
2025-08-11,P3,224.74,143.37,0,0,0
2025-08-12,P3,264.97,151.41,0,0,0
2025-08-13,P3,204.9,150.02,0,0,0
2025-08-14,P3,199.64,152.45,0,0,0
2025-08-15,P3,165.4,152.15,0,0,0
2025-08-16,P3,136.33,149.51,0,0,0
2025-08-17,P3,102.65,150.52,0,0,0
2025-08-18,P3,251.83,147.77,0,0,0
2025-08-19,P3,229.28,151.84,0,0,0
2025-08-20,P3,226.86,144.36,0,0,0
2025-08-21,P3,203.57,152.33,0,0,0
2025-08-22,P3,139.85,149.93,0,0,0
2025-08-23,P3,126.06,148.54,0,0,0
2025-08-24,P3,89.12,149.3,0,0,0
2025-08-25,P3,248.37,149.52,0,0,0
2025-08-26,P3,203.25,153.89,0,0,0
2025-08-27,P3,170.46,159.7,0,0,0
2025-08-28,P3,265.47,153.66,0,0,0
2025-08-29,P3,196.94,148.3,0,0,0
2025-08-30,P3,134.5,151.89,0,0,0
2025-08-31,P3,94.06,152.02,0,0,0
2025-09-01,P3,257.08,147.22,0,0,0
2025-09-02,P3,196.7,146.22,0,0,0
2025-09-03,P3,216.17,149.81,0,0,0
2025-09-04,P3,164.77,152.42,0,0,0
2025-09-05,P3,244.28,145.16,0,0,0
2025-09-06,P3,185.39,125.34,1,0,0
2025-09-07,P3,105.0,151.72,0,0,0
2025-09-08,P3,216.52,150.13,0,0,0
2025-09-09,P3,240.99,154.25,0,0,0
2025-09-10,P3,237.22,145.77,0,0,0
2025-09-11,P3,202.3,157.06,0,0,0
2025-09-12,P3,227.86,145.39,0,0,0
2025-09-13,P3,134.08,143.91,0,0,0
2025-09-14,P3,95.84,149.82,0,0,0
2025-09-15,P3,247.67,146.6,0,0,0
2025-09-16,P3,223.83,149.88,0,0,0
2025-09-17,P3,278.22,127.28,1,0,0
2025-09-18,P3,266.42,149.41,0,0,0
2025-09-19,P3,173.47,147.47,0,0,0
2025-09-20,P3,135.67,151.3,0,0,0
2025-09-21,P3,77.78,149.05,0,0,0
2025-09-22,P3,217.25,153.31,0,0,0
2025-09-23,P3,168.98,149.46,0,0,0
2025-09-24,P3,222.73,147.11,0,0,0
2025-09-25,P3,231.3,144.94,0,0,0
2025-09-26,P3,175.71,149.48,0,0,0
2025-09-27,P3,117.93,146.19,0,0,0
2025-09-28,P3,83.76,145.95,0,0,0
2025-09-29,P3,211.23,151.58,0,0,0
2025-09-30,P3,214.08,144.67,0,0,0
2025-10-01,P3,175.01,154.24,0,0,0
2025-10-02,P3,209.76,150.48,0,0,0
2025-10-03,P3,185.63,149.87,0,0,0
2025-10-04,P3,115.21,146.9,0,0,0
2025-10-05,P3,62.58,152.29,0,0,0
2025-10-06,P3,173.97,149.99,0,0,0
2025-10-07,P3,346.67,125.44,1,0,0
2025-10-08,P3,216.74,150.6,0,0,0
2025-10-09,P3,220.97,144.95,0,0,0
2025-10-10,P3,186.11,145.09,0,0,0
2025-10-11,P3,128.41,146.64,0,0,0
2025-10-12,P3,81.75,151.05,0,0,0
2025-10-13,P3,159.18,149.99,0,0,0
2025-10-14,P3,239.03,153.15,0,0,0
2025-10-15,P3,180.71,147.24,0,0,0
2025-10-16,P3,155.32,151.72,0,0,0
2025-10-17,P3,162.58,149.66,0,0,0
2025-10-18,P3,110.09,147.17,0,0,0
2025-10-19,P3,100.49,151.16,0,0,0
2025-10-20,P3,166.07,149.8,0,0,0
2025-10-21,P3,175.95,148.11,0,0,0
2025-10-22,P3,191.73,150.13,0,0,0
2025-10-23,P3,173.34,149.61,0,0,0
2025-10-24,P3,131.51,149.54,0,0,0
2025-10-25,P3,86.7,148.76,0,0,0
2025-10-26,P3,106.59,146.09,0,0,0
2025-10-27,P3,95.2,150.22,0,0,1
2025-10-28,P3,182.29,147.59,0,0,0
2025-10-29,P3,207.97,146.94,0,0,0
2025-10-30,P3,206.23,149.28,0,0,0
2025-10-31,P3,143.45,152.2,0,0,0
2025-11-01,P3,86.2,150.56,0,0,0
2025-11-02,P3,100.62,148.41,0,0,0
2025-11-03,P3,121.15,148.29,0,0,0
2025-11-04,P3,187.82,151.91,0,0,0
2025-11-05,P3,200.12,142.81,0,0,0
2025-11-06,P3,204.74,152.39,0,0,0
2025-11-07,P3,180.12,144.38,0,0,0
2025-11-08,P3,111.15,145.75,0,0,0
2025-11-09,P3,72.45,148.46,0,0,0
2025-11-10,P3,175.9,156.51,0,0,0
2025-11-11,P3,176.38,155.03,0,0,0
2025-11-12,P3,156.44,152.12,0,0,0
2025-11-13,P3,180.05,151.07,0,0,0
2025-11-14,P3,136.2,144.41,0,0,0
2025-11-15,P3,94.78,150.47,0,0,0
2025-11-16,P3,114.42,148.35,0,0,0
2025-11-17,P3,141.99,147.55,0,0,0
2025-11-18,P3,221.62,127.96,1,0,0
2025-11-19,P3,148.91,148.59,0,0,0
2025-11-20,P3,165.53,152.61,0,0,0
2025-11-21,P3,176.4,144.19,0,0,0
2025-11-22,P3,96.47,150.23,0,0,0
2025-11-23,P3,66.23,147.36,0,0,0
2025-11-24,P3,177.46,148.77,0,0,0
2025-11-25,P3,123.53,150.91,0,0,0
2025-11-26,P3,148.02,146.65,0,0,0
2025-11-27,P3,109.43,150.49,0,1,0
2025-11-28,P3,177.55,149.36,0,0,0
2025-11-29,P3,97.59,148.02,0,0,0
2025-11-30,P3,81.31,148.59,0,0,0
2025-12-01,P3,128.75,149.54,0,0,0
2025-12-02,P3,156.53,147.7,0,0,0
2025-12-03,P3,198.2,150.02,0,0,0
2025-12-04,P3,180.04,149.17,0,0,0
2025-12-05,P3,167.62,148.17,0,0,0
2025-12-06,P3,149.73,132.27,1,0,0
2025-12-07,P3,88.97,151.25,0,0,0
2025-12-08,P3,128.31,148.85,0,0,0
2025-12-09,P3,158.63,150.44,0,0,0
2025-12-10,P3,189.86,146.92,0,0,0
2025-12-11,P3,131.95,148.69,0,0,0
2025-12-12,P3,99.3,149.04,0,0,0
2025-12-13,P3,125.75,146.26,0,0,0
2025-12-14,P3,78.28,151.16,0,0,0
2025-12-15,P3,120.39,148.48,0,0,0
2025-12-16,P3,166.57,148.93,0,0,0
2025-12-17,P3,232.17,125.79,1,0,0
2025-12-18,P3,136.02,158.88,0,0,0
2025-12-19,P3,177.27,148.01,0,0,0
2025-12-20,P3,90.27,143.79,0,0,0
2025-12-21,P3,74.26,145.2,0,0,0
2025-12-22,P3,125.6,152.28,0,0,0
2025-12-23,P3,149.99,154.01,0,0,0
2025-12-24,P3,178.27,147.95,0,0,0
2025-12-25,P3,104.95,153.84,0,1,0
2025-12-26,P3,198.06,152.22,0,0,0
2025-12-27,P3,79.84,149.43,0,0,0
2025-12-28,P3,66.63,149.22,0,0,0
2025-12-29,P3,146.29,150.54,0,0,0
2025-12-30,P3,213.93,152.63,0,0,0
2025-12-31,P3,189.1,151.19,0,0,0
2024-01-01,P4,49.24,171.94,0,1,0
2024-01-02,P4,42.96,174.75,0,0,0
2024-01-03,P4,48.91,173.08,0,0,0
2024-01-04,P4,39.09,176.22,0,0,0
2024-01-05,P4,35.36,181.61,0,0,0
2024-01-06,P4,27.34,173.7,0,0,0
2024-01-07,P4,22.61,176.87,0,0,0
2024-01-08,P4,45.89,175.09,0,0,0
2024-01-09,P4,46.83,175.08,0,0,0
2024-01-10,P4,49.63,174.42,0,0,0
2024-01-11,P4,46.02,172.0,0,0,0
2024-01-12,P4,31.09,176.17,0,0,0
2024-01-13,P4,30.95,147.74,1,0,0
2024-01-14,P4,20.95,171.83,0,0,0
2024-01-15,P4,40.35,178.55,0,0,0
2024-01-16,P4,37.78,175.35,0,0,0
2024-01-17,P4,40.33,174.2,0,0,0
2024-01-18,P4,42.28,179.69,0,0,0
2024-01-19,P4,55.8,168.57,0,0,0
2024-01-20,P4,20.64,179.45,0,0,0
2024-01-21,P4,19.86,171.92,0,0,0
2024-01-22,P4,46.8,175.74,0,0,0
2024-01-23,P4,48.78,172.94,0,0,0
2024-01-24,P4,48.85,171.77,0,0,0
2024-01-25,P4,33.35,179.6,0,0,0
2024-01-26,P4,36.66,181.5,0,0,0
2024-01-27,P4,32.84,174.23,0,0,0
2024-01-28,P4,18.5,176.17,0,0,0
2024-01-29,P4,37.14,175.2,0,0,0
2024-01-30,P4,53.04,181.06,0,0,0
2024-01-31,P4,48.41,167.6,0,0,0
2024-02-01,P4,35.12,176.32,0,0,0
2024-02-02,P4,34.87,172.46,0,0,0
2024-02-03,P4,24.92,166.75,0,0,0
2024-02-04,P4,22.43,173.74,0,0,0
2024-02-05,P4,39.95,181.47,0,0,0
2024-02-06,P4,40.39,172.7,0,0,0
2024-02-07,P4,45.42,177.77,0,0,0
2024-02-08,P4,40.46,179.2,0,0,0
2024-02-09,P4,54.35,174.96,0,0,0
2024-02-10,P4,21.96,175.42,0,0,0
2024-02-11,P4,21.34,168.99,0,0,0
2024-02-12,P4,40.93,172.49,0,0,0
2024-02-13,P4,41.57,178.17,0,0,0
2024-02-14,P4,41.49,175.21,0,0,0
2024-02-15,P4,58.51,176.29,0,0,0
2024-02-16,P4,58.57,175.47,0,0,0
2024-02-17,P4,26.94,182.67,0,0,0
2024-02-18,P4,23.65,173.49,0,0,0
2024-02-19,P4,34.34,180.62,0,0,0
2024-02-20,P4,57.98,175.47,0,0,0
2024-02-21,P4,42.58,180.93,0,0,0
2024-02-22,P4,39.49,170.71,0,0,0
2024-02-23,P4,46.91,175.65,0,0,0
2024-02-24,P4,32.5,173.62,0,0,0
2024-02-25,P4,28.06,175.49,0,0,0
2024-02-26,P4,41.99,179.28,0,0,0
2024-02-27,P4,44.38,176.33,0,0,0
2024-02-28,P4,51.24,179.27,0,0,0
2024-02-29,P4,49.77,172.65,0,0,0
2024-03-01,P4,49.46,172.12,0,0,0
2024-03-02,P4,46.08,148.81,1,0,0
2024-03-03,P4,17.8,174.86,0,0,0
2024-03-04,P4,41.8,174.35,0,0,0
2024-03-05,P4,62.89,171.64,0,0,0
2024-03-06,P4,81.4,152.95,1,0,0
2024-03-07,P4,60.88,173.73,0,0,0
2024-03-08,P4,38.89,179.99,0,0,0
2024-03-09,P4,31.43,175.04,0,0,0
2024-03-10,P4,15.48,177.27,0,0,0
2024-03-11,P4,54.23,176.95,0,0,0
2024-03-12,P4,53.67,172.12,0,0,0
2024-03-13,P4,45.54,176.29,0,0,0
2024-03-14,P4,86.44,155.5,1,0,0
2024-03-15,P4,51.88,175.88,0,0,0
2024-03-16,P4,34.3,178.15,0,0,0
2024-03-17,P4,19.59,177.43,0,0,0
2024-03-18,P4,50.7,176.07,0,0,0
2024-03-19,P4,43.19,175.65,0,0,0
2024-03-20,P4,60.89,176.92,0,0,0
2024-03-21,P4,62.07,177.67,0,0,0
2024-03-22,P4,43.22,170.27,0,0,0
2024-03-23,P4,25.67,175.87,0,0,0
2024-03-24,P4,23.42,174.36,0,0,0
2024-03-25,P4,76.87,147.38,1,0,0
2024-03-26,P4,46.93,179.54,0,0,0
2024-03-27,P4,65.28,172.43,0,0,0
2024-03-28,P4,68.22,170.12,0,0,0
2024-03-29,P4,49.23,177.79,0,0,0
2024-03-30,P4,29.17,170.03,0,0,0
2024-03-31,P4,26.62,168.25,0,0,0
2024-04-01,P4,52.22,178.18,0,0,0
2024-04-02,P4,53.16,175.56,0,0,0
2024-04-03,P4,56.81,176.65,0,0,0
2024-04-04,P4,67.4,173.45,0,0,0
2024-04-05,P4,46.68,170.15,0,0,0
2024-04-06,P4,43.94,170.85,0,0,0
2024-04-07,P4,27.53,174.05,0,0,0
2024-04-08,P4,53.07,170.55,0,0,0
2024-04-09,P4,84.0,149.82,1,0,0
2024-04-10,P4,54.17,173.38,0,0,0
2024-04-11,P4,58.49,175.65,0,0,0
2024-04-12,P4,52.56,175.54,0,0,0
2024-04-13,P4,30.93,176.35,0,0,0
2024-04-14,P4,22.29,176.75,0,0,0
2024-04-15,P4,55.54,173.8,0,0,0
2024-04-16,P4,52.01,175.64,0,0,0
2024-04-17,P4,46.71,175.83,0,0,0
2024-04-18,P4,69.63,166.5,0,0,0
2024-04-19,P4,40.97,177.26,0,0,0
2024-04-20,P4,31.57,175.52,0,0,0
2024-04-21,P4,27.17,176.97,0,0,0
2024-04-22,P4,69.73,170.5,0,0,0
2024-04-23,P4,46.29,173.89,0,0,0
2024-04-24,P4,116.89,144.93,1,0,0
2024-04-25,P4,68.4,177.61,0,0,0
2024-04-26,P4,70.36,170.08,0,0,0
2024-04-27,P4,40.93,171.75,0,0,0
2024-04-28,P4,27.84,176.87,0,0,0
2024-04-29,P4,46.03,172.8,0,0,0
2024-04-30,P4,68.98,171.75,0,0,0
2024-05-01,P4,75.1,178.17,0,0,0
2024-05-02,P4,45.67,178.32,0,0,0
2024-05-03,P4,44.36,177.53,0,0,0
2024-05-04,P4,35.23,177.97,0,0,0
2024-05-05,P4,33.18,174.19,0,0,0
2024-05-06,P4,63.65,174.28,0,0,0
2024-05-07,P4,65.2,172.73,0,0,0
2024-05-08,P4,80.56,175.59,0,0,0
2024-05-09,P4,60.98,173.15,0,0,0
2024-05-10,P4,50.54,173.48,0,0,0
2024-05-11,P4,32.2,177.1,0,0,0
2024-05-12,P4,29.74,179.15,0,0,0
2024-05-13,P4,57.52,176.39,0,0,0
2024-05-14,P4,68.31,181.28,0,0,0
2024-05-15,P4,59.97,172.53,0,0,0
2024-05-16,P4,70.97,168.57,0,0,0
2024-05-17,P4,62.29,177.5,0,0,0
2024-05-18,P4,44.22,172.3,0,0,0
2024-05-19,P4,25.3,174.04,0,0,0
2024-05-20,P4,57.65,168.81,0,0,0
2024-05-21,P4,62.55,171.85,0,0,0
2024-05-22,P4,55.27,169.74,0,0,0
2024-05-23,P4,68.69,173.48,0,0,0
2024-05-24,P4,60.32,173.62,0,0,0
2024-05-25,P4,37.23,175.31,0,0,0
2024-05-26,P4,28.26,179.34,0,0,0
2024-05-27,P4,70.87,177.37,0,0,0
2024-05-28,P4,61.26,169.32,0,0,0
2024-05-29,P4,77.12,177.13,0,0,0
2024-05-30,P4,60.36,175.39,0,0,0
2024-05-31,P4,48.53,174.66,0,0,0
2024-06-01,P4,36.15,174.92,0,0,0
2024-06-02,P4,30.8,175.72,0,0,0
2024-06-03,P4,65.72,172.58,0,0,0
2024-06-04,P4,46.3,174.36,0,0,0
2024-06-05,P4,62.01,179.14,0,0,0
2024-06-06,P4,88.31,172.54,0,0,0
2024-06-07,P4,54.45,171.4,0,0,0
2024-06-08,P4,41.92,174.78,0,0,0
2024-06-09,P4,47.86,171.04,0,0,0
2024-06-10,P4,86.73,168.97,0,0,0
2024-06-11,P4,55.6,173.79,0,0,0
2024-06-12,P4,73.38,180.07,0,0,0
2024-06-13,P4,75.39,174.86,0,0,0
2024-06-14,P4,63.72,175.63,0,0,0
2024-06-15,P4,32.5,167.54,0,0,0
2024-06-16,P4,31.35,176.53,0,0,0
2024-06-17,P4,63.18,175.33,0,0,0
2024-06-18,P4,53.85,172.67,0,0,0
2024-06-19,P4,64.53,175.63,0,0,0
2024-06-20,P4,68.68,175.6,0,0,0
2024-06-21,P4,59.17,171.29,0,0,0
2024-06-22,P4,40.64,176.16,0,0,0
2024-06-23,P4,28.54,179.19,0,0,0
2024-06-24,P4,62.82,174.2,0,0,0
2024-06-25,P4,76.01,171.96,0,0,0
2024-06-26,P4,87.61,174.38,0,0,0
2024-06-27,P4,54.32,177.99,0,0,0
2024-06-28,P4,66.39,170.71,0,0,0
2024-06-29,P4,33.92,177.02,0,0,0
2024-06-30,P4,33.22,172.63,0,0,0
2024-07-01,P4,50.45,175.85,0,0,0
2024-07-02,P4,78.25,173.02,0,0,0
2024-07-03,P4,60.89,173.02,0,0,0
2024-07-04,P4,84.95,180.33,0,1,0
2024-07-05,P4,82.04,143.82,1,0,0
2024-07-06,P4,29.16,176.7,0,0,0
2024-07-07,P4,28.48,181.06,0,0,0
2024-07-08,P4,62.2,177.4,0,0,0
2024-07-09,P4,91.51,170.34,0,0,0
2024-07-10,P4,71.38,170.51,0,0,0
2024-07-11,P4,57.53,172.37,0,0,0
2024-07-12,P4,64.99,175.55,0,0,0
2024-07-13,P4,44.7,175.79,0,0,0
2024-07-14,P4,27.71,170.55,0,0,0
2024-07-15,P4,71.39,171.95,0,0,0
2024-07-16,P4,78.28,172.16,0,0,0
2024-07-17,P4,75.77,174.37,0,0,0
2024-07-18,P4,56.76,181.95,0,0,0
2024-07-19,P4,60.88,171.73,0,0,0
2024-07-20,P4,39.52,171.58,0,0,0
2024-07-21,P4,36.99,171.03,0,0,0
2024-07-22,P4,54.48,177.22,0,0,0
2024-07-23,P4,73.04,174.86,0,0,0
2024-07-24,P4,66.39,171.86,0,0,0
2024-07-25,P4,62.2,173.73,0,0,0
2024-07-26,P4,58.67,172.23,0,0,0
2024-07-27,P4,25.09,176.04,0,0,0
2024-07-28,P4,20.57,184.4,0,0,0
2024-07-29,P4,44.76,176.93,0,0,0
2024-07-30,P4,67.13,174.67,0,0,0
2024-07-31,P4,64.23,172.67,0,0,0
2024-08-01,P4,60.21,170.3,0,0,0
2024-08-02,P4,55.15,177.57,0,0,0
2024-08-03,P4,40.44,177.38,0,0,0
2024-08-04,P4,22.38,173.37,0,0,0
2024-08-05,P4,56.68,179.25,0,0,0
2024-08-06,P4,52.68,175.07,0,0,0
2024-08-07,P4,89.94,177.71,0,0,0
2024-08-08,P4,63.08,176.04,0,0,0
2024-08-09,P4,67.18,174.38,0,0,0
2024-08-10,P4,40.53,171.66,0,0,0
2024-08-11,P4,27.49,174.49,0,0,0
2024-08-12,P4,73.2,177.95,0,0,0
2024-08-13,P4,43.42,173.22,0,0,0
2024-08-14,P4,92.31,150.29,1,0,0
2024-08-15,P4,68.27,171.21,0,0,0
2024-08-16,P4,56.11,177.73,0,0,0
2024-08-17,P4,36.25,176.1,0,0,0
2024-08-18,P4,36.8,170.79,0,0,0
2024-08-19,P4,57.89,174.22,0,0,0
2024-08-20,P4,80.95,178.26,0,0,0
2024-08-21,P4,66.78,170.59,0,0,0
2024-08-22,P4,65.58,171.25,0,0,0
2024-08-23,P4,117.1,148.51,1,0,0
2024-08-24,P4,38.28,182.47,0,0,0
2024-08-25,P4,22.77,172.65,0,0,0
2024-08-26,P4,51.22,176.73,0,0,0
2024-08-27,P4,59.44,175.91,0,0,0
2024-08-28,P4,77.41,172.94,0,0,0
2024-08-29,P4,75.64,175.56,0,0,0
2024-08-30,P4,53.22,173.43,0,0,0
2024-08-31,P4,30.79,173.75,0,0,0
2024-09-01,P4,28.09,169.19,0,0,0
2024-09-02,P4,87.5,148.66,1,0,0
2024-09-03,P4,54.57,178.15,0,0,0
2024-09-04,P4,72.64,175.2,0,0,0
2024-09-05,P4,27.38,178.82,0,0,1
2024-09-06,P4,45.02,177.03,0,0,0
2024-09-07,P4,31.74,174.79,0,0,0
2024-09-08,P4,46.23,172.8,0,0,1
2024-09-09,P4,66.1,173.3,0,0,0
2024-09-10,P4,77.08,143.6,1,0,0
2024-09-11,P4,62.49,174.07,0,0,0
2024-09-12,P4,60.84,175.51,0,0,0
2024-09-13,P4,52.85,181.0,0,0,0
2024-09-14,P4,29.98,176.85,0,0,0
2024-09-15,P4,29.31,171.97,0,0,0
2024-09-16,P4,61.48,169.96,0,0,0
2024-09-17,P4,52.8,174.28,0,0,0
2024-09-18,P4,58.49,177.84,0,0,0
2024-09-19,P4,55.73,174.23,0,0,0
2024-09-20,P4,43.91,176.9,0,0,0
2024-09-21,P4,25.89,174.37,0,0,0
2024-09-22,P4,23.34,177.51,0,0,0
2024-09-23,P4,49.71,169.41,0,0,0
2024-09-24,P4,42.91,180.61,0,0,0
2024-09-25,P4,62.17,171.11,0,0,0
2024-09-26,P4,61.57,177.78,0,0,0
2024-09-27,P4,77.4,147.8,1,0,0
2024-09-28,P4,30.5,174.59,0,0,0
2024-09-29,P4,23.79,174.16,0,0,0
2024-09-30,P4,49.64,175.89,0,0,0
2024-10-01,P4,56.66,176.6,0,0,0
2024-10-02,P4,56.58,178.7,0,0,0
2024-10-03,P4,51.61,179.93,0,0,0
2024-10-04,P4,43.45,176.16,0,0,0
2024-10-05,P4,32.06,181.0,0,0,0
2024-10-06,P4,23.18,175.33,0,0,0
2024-10-07,P4,40.06,178.77,0,0,0
2024-10-08,P4,52.29,176.5,0,0,0
2024-10-09,P4,42.3,173.08,0,0,0
2024-10-10,P4,54.91,175.63,0,0,0
2024-10-11,P4,48.3,176.76,0,0,0
2024-10-12,P4,26.66,174.89,0,0,0
2024-10-13,P4,22.35,176.44,0,0,0
2024-10-14,P4,54.1,178.03,0,0,0
2024-10-15,P4,67.71,174.92,0,0,0
2024-10-16,P4,57.02,164.7,0,0,0
2024-10-17,P4,36.33,180.87,0,0,0
2024-10-18,P4,41.79,173.96,0,0,0
2024-10-19,P4,30.74,172.12,0,0,0
2024-10-20,P4,23.9,171.07,0,0,0
2024-10-21,P4,49.82,173.82,0,0,0
2024-10-22,P4,51.25,173.03,0,0,0
2024-10-23,P4,53.96,172.42,0,0,0
2024-10-24,P4,37.99,172.61,0,0,0
2024-10-25,P4,40.78,176.85,0,0,0
2024-10-26,P4,24.45,182.11,0,0,0
2024-10-27,P4,20.86,177.87,0,0,0
2024-10-28,P4,49.34,178.93,0,0,0
2024-10-29,P4,41.18,173.68,0,0,0
2024-10-30,P4,37.34,175.37,0,0,0
2024-10-31,P4,44.83,176.49,0,0,0
2024-11-01,P4,39.19,172.69,0,0,0
2024-11-02,P4,27.81,173.51,0,0,0
2024-11-03,P4,19.76,177.99,0,0,0
2024-11-04,P4,42.49,178.82,0,0,0
2024-11-05,P4,44.65,175.24,0,0,0
2024-11-06,P4,61.25,170.82,0,0,0
2024-11-07,P4,43.59,173.97,0,0,0
2024-11-08,P4,47.98,169.96,0,0,0
2024-11-09,P4,26.48,175.26,0,0,0
2024-11-10,P4,25.51,175.89,0,0,0
2024-11-11,P4,56.35,174.05,0,0,0
2024-11-12,P4,45.73,175.85,0,0,0
2024-11-13,P4,60.11,176.46,0,0,1
2024-11-14,P4,40.12,175.9,0,0,0
2024-11-15,P4,35.28,170.79,0,0,0
2024-11-16,P4,24.84,174.11,0,0,0
2024-11-17,P4,19.88,176.43,0,0,0
2024-11-18,P4,43.62,180.53,0,0,0
2024-11-19,P4,52.58,174.05,0,0,0
2024-11-20,P4,36.42,176.93,0,0,0
2024-11-21,P4,46.12,178.07,0,0,0
2024-11-22,P4,37.21,174.31,0,0,0
2024-11-23,P4,25.5,179.02,0,0,0
2024-11-24,P4,19.72,179.21,0,0,0
2024-11-25,P4,46.4,179.83,0,0,0
2024-11-26,P4,38.36,176.6,0,0,0
2024-11-27,P4,40.63,183.26,0,0,0
2024-11-28,P4,53.13,172.85,0,1,0
2024-11-29,P4,36.96,182.43,0,0,0
2024-11-30,P4,24.75,177.69,0,0,0
2024-12-01,P4,16.48,179.69,0,0,0
2024-12-02,P4,53.06,173.88,0,0,0
2024-12-03,P4,40.85,177.96,0,0,0
2024-12-04,P4,39.27,179.99,0,0,0
2024-12-05,P4,40.56,171.19,0,0,0
2024-12-06,P4,40.01,174.43,0,0,0
2024-12-07,P4,27.07,167.51,0,0,0
2024-12-08,P4,28.11,174.38,0,0,0
2024-12-09,P4,50.75,172.14,0,0,0
2024-12-10,P4,42.64,174.24,0,0,0
2024-12-11,P4,55.65,185.23,0,0,0
2024-12-12,P4,54.27,181.01,0,0,0
2024-12-13,P4,36.2,169.96,0,0,0
2024-12-14,P4,34.36,176.95,0,0,0
2024-12-15,P4,29.01,151.55,1,0,0
2024-12-16,P4,43.76,173.82,0,0,0
2024-12-17,P4,53.28,175.62,0,0,0
2024-12-18,P4,35.81,175.97,0,0,0
2024-12-19,P4,46.46,170.29,0,0,0
2024-12-20,P4,43.25,171.39,0,0,0
2024-12-21,P4,29.52,175.6,0,0,0
2024-12-22,P4,21.17,175.35,0,0,0
2024-12-23,P4,33.44,172.52,0,0,0
2024-12-24,P4,59.83,172.22,0,0,0
2024-12-25,P4,54.17,174.69,0,1,0
2024-12-26,P4,47.37,178.1,0,0,0
2024-12-27,P4,32.71,174.73,0,0,0
2024-12-28,P4,30.13,180.68,0,0,0
2024-12-29,P4,31.82,146.31,1,0,0
2024-12-30,P4,38.3,175.68,0,0,0
2024-12-31,P4,53.36,173.76,0,0,0
2025-01-01,P4,43.71,177.06,0,1,0
2025-01-02,P4,49.71,172.26,0,0,0
2025-01-03,P4,34.91,181.75,0,0,0
2025-01-04,P4,28.81,169.08,0,0,0
2025-01-05,P4,23.01,181.0,0,0,0
2025-01-06,P4,39.93,175.31,0,0,0
2025-01-07,P4,54.15,176.93,0,0,0
2025-01-08,P4,67.21,153.42,1,0,0
2025-01-09,P4,60.33,178.0,0,0,0
2025-01-10,P4,49.46,172.44,0,0,0
2025-01-11,P4,26.21,177.1,0,0,0
2025-01-12,P4,23.9,155.29,1,0,0
2025-01-13,P4,45.4,171.89,0,0,0
2025-01-14,P4,36.2,182.41,0,0,0
2025-01-15,P4,56.16,176.35,0,0,0
2025-01-16,P4,43.84,173.48,0,0,0
2025-01-17,P4,44.22,171.87,0,0,0
2025-01-18,P4,34.95,174.22,0,0,0
2025-01-19,P4,27.96,168.16,0,0,0
2025-01-20,P4,39.07,173.55,0,0,0
2025-01-21,P4,47.09,174.08,0,0,0
2025-01-22,P4,52.81,171.24,0,0,0
2025-01-23,P4,58.23,177.62,0,0,0
2025-01-24,P4,51.25,174.23,0,0,0
2025-01-25,P4,50.16,146.52,1,0,0
2025-01-26,P4,24.35,173.86,0,0,0
2025-01-27,P4,44.75,176.24,0,0,0
2025-01-28,P4,77.24,149.01,1,0,0
2025-01-29,P4,49.01,172.55,0,0,0
2025-01-30,P4,55.26,175.44,0,0,0
2025-01-31,P4,46.96,174.82,0,0,0
2025-02-01,P4,32.98,171.01,0,0,0
2025-02-02,P4,26.88,173.99,0,0,0
2025-02-03,P4,60.14,177.03,0,0,0
2025-02-04,P4,43.7,177.0,0,0,0
2025-02-05,P4,36.87,174.2,0,0,0
2025-02-06,P4,44.62,177.37,0,0,0
2025-02-07,P4,47.35,171.57,0,0,0
2025-02-08,P4,27.72,171.68,0,0,0
2025-02-09,P4,22.65,174.12,0,0,0
2025-02-10,P4,40.7,180.24,0,0,0
2025-02-11,P4,52.64,175.57,0,0,0
2025-02-12,P4,40.64,174.04,0,0,0
2025-02-13,P4,87.29,154.15,1,0,0
2025-02-14,P4,81.46,147.75,1,0,0
2025-02-15,P4,31.72,182.82,0,0,0
2025-02-16,P4,37.72,173.21,0,0,0
2025-02-17,P4,34.98,171.46,0,0,0
2025-02-18,P4,87.49,148.17,1,0,0
2025-02-19,P4,59.92,174.13,0,0,0
2025-02-20,P4,48.49,172.17,0,0,0
2025-02-21,P4,42.62,184.11,0,0,0
2025-02-22,P4,27.27,176.12,0,0,0
2025-02-23,P4,26.64,176.62,0,0,0
2025-02-24,P4,59.16,173.38,0,0,0
2025-02-25,P4,44.51,172.98,0,0,0
2025-02-26,P4,57.05,178.59,0,0,0
2025-02-27,P4,68.72,169.13,0,0,0
2025-02-28,P4,44.72,171.0,0,0,0
2025-03-01,P4,35.34,147.88,1,0,0
2025-03-02,P4,21.55,179.73,0,0,0
2025-03-03,P4,44.33,173.69,0,0,0
2025-03-04,P4,46.95,176.46,0,0,0
2025-03-05,P4,73.46,175.1,0,0,0
2025-03-06,P4,73.0,179.54,0,0,0
2025-03-07,P4,63.42,169.45,0,0,0
2025-03-08,P4,29.31,177.58,0,0,0
2025-03-09,P4,32.72,174.3,0,0,0
2025-03-10,P4,36.7,178.24,0,0,0
2025-03-11,P4,48.08,172.13,0,0,0
2025-03-12,P4,65.23,175.09,0,0,0
2025-03-13,P4,52.66,174.64,0,0,0
2025-03-14,P4,43.37,171.49,0,0,0
2025-03-15,P4,34.86,170.52,0,0,0
2025-03-16,P4,28.77,172.97,0,0,0
2025-03-17,P4,84.71,149.2,1,0,0
2025-03-18,P4,63.11,172.35,0,0,0
2025-03-19,P4,62.89,173.84,0,0,0
2025-03-20,P4,60.37,168.4,0,0,0
2025-03-21,P4,52.72,173.7,0,0,0
2025-03-22,P4,36.13,178.58,0,0,0
2025-03-23,P4,28.14,177.47,0,0,0
2025-03-24,P4,51.54,174.7,0,0,0
2025-03-25,P4,81.14,149.6,1,0,0
2025-03-26,P4,62.77,172.1,0,0,0
2025-03-27,P4,70.3,180.69,0,0,0
2025-03-28,P4,55.49,182.24,0,0,0
2025-03-29,P4,41.07,175.58,0,0,0
2025-03-30,P4,25.28,184.07,0,0,0
2025-03-31,P4,59.18,172.62,0,0,0
2025-04-01,P4,64.64,170.62,0,0,0
2025-04-02,P4,72.3,172.52,0,0,0
2025-04-03,P4,59.15,174.23,0,0,0
2025-04-04,P4,85.45,156.84,1,0,0
2025-04-05,P4,41.76,174.02,0,0,0
2025-04-06,P4,29.16,171.99,0,0,0
2025-04-07,P4,52.03,171.86,0,0,0
2025-04-08,P4,71.75,178.99,0,0,0
2025-04-09,P4,69.56,178.49,0,0,0
2025-04-10,P4,51.79,173.3,0,0,0
2025-04-11,P4,57.94,168.43,0,0,0
2025-04-12,P4,47.65,171.05,0,0,0
2025-04-13,P4,30.67,181.02,0,0,0
2025-04-14,P4,58.64,177.41,0,0,0
2025-04-15,P4,53.78,175.23,0,0,0
2025-04-16,P4,54.14,181.54,0,0,0
2025-04-17,P4,69.27,181.85,0,0,0
2025-04-18,P4,49.82,174.87,0,0,0
2025-04-19,P4,38.03,174.94,0,0,0
2025-04-20,P4,30.25,172.96,0,0,0
2025-04-21,P4,63.58,174.0,0,0,0
2025-04-22,P4,64.5,169.8,0,0,0
2025-04-23,P4,74.54,169.78,0,0,0
2025-04-24,P4,79.33,168.97,0,0,0
2025-04-25,P4,55.45,178.8,0,0,0
2025-04-26,P4,43.52,169.54,0,0,0
2025-04-27,P4,36.2,181.82,0,0,0
2025-04-28,P4,66.04,172.44,0,0,0
2025-04-29,P4,69.74,181.08,0,0,0
2025-04-30,P4,57.66,173.72,0,0,0
2025-05-01,P4,68.47,169.52,0,0,0
2025-05-02,P4,45.79,179.49,0,0,0
2025-05-03,P4,33.69,179.91,0,0,0
2025-05-04,P4,31.48,171.83,0,0,0
2025-05-05,P4,84.28,173.84,0,0,0
2025-05-06,P4,60.56,171.83,0,0,0
2025-05-07,P4,69.52,174.58,0,0,0
2025-05-08,P4,59.5,175.38,0,0,0
2025-05-09,P4,58.95,173.77,0,0,0
2025-05-10,P4,42.87,168.63,0,0,0
2025-05-11,P4,35.57,172.97,0,0,0
2025-05-12,P4,59.72,177.46,0,0,0
2025-05-13,P4,61.66,174.27,0,0,0
2025-05-14,P4,46.87,173.85,0,0,0
2025-05-15,P4,89.15,171.74,0,0,0
2025-05-16,P4,58.38,172.86,0,0,0
2025-05-17,P4,27.35,179.93,0,0,0
2025-05-18,P4,39.86,171.01,0,0,0
2025-05-19,P4,47.92,177.52,0,0,0
2025-05-20,P4,81.63,175.16,0,0,0
2025-05-21,P4,56.69,175.86,0,0,0
2025-05-22,P4,58.61,172.44,0,0,0
2025-05-23,P4,52.96,173.77,0,0,0
2025-05-24,P4,36.41,174.98,0,0,0
2025-05-25,P4,39.79,173.18,0,0,0
2025-05-26,P4,55.33,176.16,0,0,0
2025-05-27,P4,73.12,176.6,0,0,0
2025-05-28,P4,71.2,182.6,0,0,0
2025-05-29,P4,71.27,175.97,0,0,0
2025-05-30,P4,76.33,168.31,0,0,0
2025-05-31,P4,39.34,179.07,0,0,0
2025-06-01,P4,34.3,174.29,0,0,0
2025-06-02,P4,70.23,182.04,0,0,0
2025-06-03,P4,62.63,180.15,0,0,0
2025-06-04,P4,73.59,173.23,0,0,0
2025-06-05,P4,73.8,177.53,0,0,0
2025-06-06,P4,73.29,172.92,0,0,0
2025-06-07,P4,39.0,175.01,0,0,0
2025-06-08,P4,32.55,177.37,0,0,0
2025-06-09,P4,69.28,178.9,0,0,0
2025-06-10,P4,67.16,178.13,0,0,0
2025-06-11,P4,102.85,149.01,1,0,0
2025-06-12,P4,75.65,183.69,0,0,0
2025-06-13,P4,65.4,173.72,0,0,0
2025-06-14,P4,39.29,169.37,0,0,0
2025-06-15,P4,29.28,170.05,0,0,0
2025-06-16,P4,48.68,180.16,0,0,0
2025-06-17,P4,75.75,174.73,0,0,0
2025-06-18,P4,65.51,175.56,0,0,0
2025-06-19,P4,57.84,173.1,0,0,0
2025-06-20,P4,56.46,173.42,0,0,0
2025-06-21,P4,42.87,172.25,0,0,0
2025-06-22,P4,29.54,176.65,0,0,0
2025-06-23,P4,70.49,174.66,0,0,0
2025-06-24,P4,63.93,176.52,0,0,0
2025-06-25,P4,72.78,176.19,0,0,0
2025-06-26,P4,73.71,173.51,0,0,0
2025-06-27,P4,72.72,169.89,0,0,0
2025-06-28,P4,46.25,169.59,0,0,0
2025-06-29,P4,31.22,185.59,0,0,0
2025-06-30,P4,55.94,180.17,0,0,0
2025-07-01,P4,80.5,179.69,0,0,0
2025-07-02,P4,70.27,172.64,0,0,0
2025-07-03,P4,49.91,175.03,0,0,0
2025-07-04,P4,77.5,172.15,0,1,0
2025-07-05,P4,43.33,170.41,0,0,0
2025-07-06,P4,32.0,172.94,0,0,0
2025-07-07,P4,51.53,179.64,0,0,0
2025-07-08,P4,53.08,177.94,0,0,0
2025-07-09,P4,71.69,171.6,0,0,0
2025-07-10,P4,61.83,173.9,0,0,0
2025-07-11,P4,71.03,177.62,0,0,0
2025-07-12,P4,38.41,173.0,0,0,0
2025-07-13,P4,30.92,175.28,0,0,0
2025-07-14,P4,85.56,176.41,0,0,0
2025-07-15,P4,48.64,176.37,0,0,0
2025-07-16,P4,72.0,175.89,0,0,0
2025-07-17,P4,54.95,172.71,0,0,0
2025-07-18,P4,76.49,173.07,0,0,0
2025-07-19,P4,32.05,171.03,0,0,0
2025-07-20,P4,36.07,169.54,0,0,0
2025-07-21,P4,68.03,174.6,0,0,0
2025-07-22,P4,51.12,177.86,0,0,0
2025-07-23,P4,78.78,170.17,0,0,0
2025-07-24,P4,64.58,175.96,0,0,0
2025-07-25,P4,66.24,177.75,0,0,0
2025-07-26,P4,37.3,168.57,0,0,0
2025-07-27,P4,34.67,174.05,0,0,0
2025-07-28,P4,61.41,180.76,0,0,0
2025-07-29,P4,71.12,176.93,0,0,0
2025-07-30,P4,80.93,168.45,0,0,0
2025-07-31,P4,66.45,177.3,0,0,0
2025-08-01,P4,58.88,172.38,0,0,0
2025-08-02,P4,41.09,177.42,0,0,0
2025-08-03,P4,30.17,172.58,0,0,0
2025-08-04,P4,62.32,174.81,0,0,0
2025-08-05,P4,84.76,173.12,0,0,0
2025-08-06,P4,112.42,175.01,0,0,1
2025-08-07,P4,77.69,173.01,0,0,0
2025-08-08,P4,54.87,174.22,0,0,0
2025-08-09,P4,41.44,170.89,0,0,0
2025-08-10,P4,30.5,176.72,0,0,0
2025-08-11,P4,59.66,175.61,0,0,0
2025-08-12,P4,51.66,169.34,0,0,0
2025-08-13,P4,58.04,178.48,0,0,0
2025-08-14,P4,40.01,174.38,0,0,0
2025-08-15,P4,71.29,149.32,1,0,0
2025-08-16,P4,48.68,177.68,0,0,0
2025-08-17,P4,30.37,176.15,0,0,0
2025-08-18,P4,60.57,179.08,0,0,0
2025-08-19,P4,75.04,173.97,0,0,0
2025-08-20,P4,69.21,178.62,0,0,0
2025-08-21,P4,62.94,175.43,0,0,0
2025-08-22,P4,54.8,176.78,0,0,0
2025-08-23,P4,30.97,176.41,0,0,0
2025-08-24,P4,31.84,179.34,0,0,0
2025-08-25,P4,64.64,177.52,0,0,0
2025-08-26,P4,64.85,173.45,0,0,0
2025-08-27,P4,66.4,172.76,0,0,0
2025-08-28,P4,70.63,174.83,0,0,0
2025-08-29,P4,49.46,172.34,0,0,0
2025-08-30,P4,38.96,171.32,0,0,0
2025-08-31,P4,39.78,167.55,0,0,0
2025-09-01,P4,56.43,169.58,0,0,0
2025-09-02,P4,57.72,181.95,0,0,0
2025-09-03,P4,79.81,172.7,0,0,0
2025-09-04,P4,61.53,181.66,0,0,0
2025-09-05,P4,62.78,176.41,0,0,0
2025-09-06,P4,37.58,174.83,0,0,0
2025-09-07,P4,32.76,169.75,0,0,0
2025-09-08,P4,52.78,175.02,0,0,0
2025-09-09,P4,52.61,181.62,0,0,0
2025-09-10,P4,68.21,180.45,0,0,0
2025-09-11,P4,50.53,175.96,0,0,0
2025-09-12,P4,54.95,170.98,0,0,0
2025-09-13,P4,29.95,171.65,0,0,0
2025-09-14,P4,31.7,172.02,0,0,0
2025-09-15,P4,53.66,179.47,0,0,0
2025-09-16,P4,56.64,180.71,0,0,0
2025-09-17,P4,78.57,175.69,0,0,0
2025-09-18,P4,70.25,173.94,0,0,0
2025-09-19,P4,63.46,180.42,0,0,0
2025-09-20,P4,48.97,171.57,0,0,0
2025-09-21,P4,33.88,175.18,0,0,0
2025-09-22,P4,51.84,176.62,0,0,0
2025-09-23,P4,52.63,171.98,0,0,0
2025-09-24,P4,58.28,172.77,0,0,0
2025-09-25,P4,66.01,172.5,0,0,0
2025-09-26,P4,48.31,179.96,0,0,0
2025-09-27,P4,28.64,181.7,0,0,0
2025-09-28,P4,34.21,175.4,0,0,0
2025-09-29,P4,52.16,174.06,0,0,0
2025-09-30,P4,62.19,172.9,0,0,0
2025-10-01,P4,63.74,175.01,0,0,0
2025-10-02,P4,44.73,173.07,0,0,0
2025-10-03,P4,63.6,174.66,0,0,0
2025-10-04,P4,44.84,150.2,1,0,0
2025-10-05,P4,21.68,173.58,0,0,0
2025-10-06,P4,50.02,174.34,0,0,0
2025-10-07,P4,49.53,174.35,0,0,0
2025-10-08,P4,70.86,173.89,0,0,0
2025-10-09,P4,60.2,173.45,0,0,0
2025-10-10,P4,45.23,177.67,0,0,0
2025-10-11,P4,26.24,168.8,0,0,0
2025-10-12,P4,26.77,180.51,0,0,0
2025-10-13,P4,49.98,175.47,0,0,0
2025-10-14,P4,36.98,177.14,0,0,0
2025-10-15,P4,60.72,177.54,0,0,0
2025-10-16,P4,59.29,172.52,0,0,0
2025-10-17,P4,44.36,171.8,0,0,0
2025-10-18,P4,34.89,171.39,0,0,0
2025-10-19,P4,21.31,174.14,0,0,0
2025-10-20,P4,47.92,177.45,0,0,0
2025-10-21,P4,52.74,172.96,0,0,0
2025-10-22,P4,54.59,177.13,0,0,0
2025-10-23,P4,47.5,166.71,0,0,0
2025-10-24,P4,57.77,173.65,0,0,0
2025-10-25,P4,25.99,179.08,0,0,0
2025-10-26,P4,19.41,174.4,0,0,0
2025-10-27,P4,53.48,172.1,0,0,0
2025-10-28,P4,70.33,172.7,0,0,0
2025-10-29,P4,44.45,164.4,0,0,0
2025-10-30,P4,47.17,171.46,0,0,0
2025-10-31,P4,52.26,178.7,0,0,0
2025-11-01,P4,30.06,172.96,0,0,0
2025-11-02,P4,20.49,173.37,0,0,0
2025-11-03,P4,50.44,166.84,0,0,0
2025-11-04,P4,67.57,169.29,0,0,0
2025-11-05,P4,63.36,179.17,0,0,0
2025-11-06,P4,75.72,177.16,0,0,0
2025-11-07,P4,52.85,170.46,0,0,0
2025-11-08,P4,27.35,172.79,0,0,0
2025-11-09,P4,27.48,174.9,0,0,0
2025-11-10,P4,44.56,170.81,0,0,0
2025-11-11,P4,52.11,167.99,0,0,0
2025-11-12,P4,47.62,174.44,0,0,0
2025-11-13,P4,56.58,177.0,0,0,0
2025-11-14,P4,48.94,177.07,0,0,0
2025-11-15,P4,25.49,178.06,0,0,0
2025-11-16,P4,29.08,169.56,0,0,0
2025-11-17,P4,88.5,148.95,1,0,0
2025-11-18,P4,46.46,174.06,0,0,0
2025-11-19,P4,55.37,174.69,0,0,0
2025-11-20,P4,63.95,174.26,0,0,0
2025-11-21,P4,47.65,172.69,0,0,0
2025-11-22,P4,28.98,164.44,0,0,0
2025-11-23,P4,22.56,179.07,0,0,0
2025-11-24,P4,70.09,149.9,1,0,0
2025-11-25,P4,95.93,143.55,1,0,0
2025-11-26,P4,58.9,176.66,0,0,0
2025-11-27,P4,79.94,173.43,0,1,0
2025-11-28,P4,39.99,173.53,0,0,0
2025-11-29,P4,39.51,146.06,1,0,0
2025-11-30,P4,18.39,176.88,0,0,0
2025-12-01,P4,51.29,172.2,0,0,0
2025-12-02,P4,42.15,171.16,0,0,0
2025-12-03,P4,67.06,178.96,0,0,0
2025-12-04,P4,70.01,148.12,1,0,0
2025-12-05,P4,60.22,174.48,0,0,0
2025-12-06,P4,17.34,177.42,0,0,0
2025-12-07,P4,17.5,172.66,0,0,0
2025-12-08,P4,39.1,173.36,0,0,0
2025-12-09,P4,50.1,176.07,0,0,0
2025-12-10,P4,51.87,169.61,0,0,0
2025-12-11,P4,43.42,175.77,0,0,0
2025-12-12,P4,43.57,172.36,0,0,0
2025-12-13,P4,24.68,177.99,0,0,0
2025-12-14,P4,24.5,176.91,0,0,0
2025-12-15,P4,38.58,176.45,0,0,0
2025-12-16,P4,51.21,169.38,0,0,0
2025-12-17,P4,52.04,174.64,0,0,0
2025-12-18,P4,50.6,170.88,0,0,0
2025-12-19,P4,46.32,174.87,0,0,0
2025-12-20,P4,28.53,166.9,0,0,0
2025-12-21,P4,26.43,169.61,0,0,0
2025-12-22,P4,44.3,179.16,0,0,0
2025-12-23,P4,57.06,176.29,0,0,0
2025-12-24,P4,52.07,173.76,0,0,0
2025-12-25,P4,68.95,171.82,0,1,0
2025-12-26,P4,41.14,171.21,0,0,0
2025-12-27,P4,23.72,175.7,0,0,0
2025-12-28,P4,25.73,173.8,0,0,0
2025-12-29,P4,44.23,180.41,0,0,0
2025-12-30,P4,34.72,174.35,0,0,0
2025-12-31,P4,45.34,175.21,0,0,0
2024-01-01,P5,18.16,202.66,0,1,0
2024-01-02,P5,25.16,199.5,0,0,0
2024-01-03,P5,33.05,204.73,0,0,0
2024-01-04,P5,22.1,202.53,0,0,0
2024-01-05,P5,19.73,195.25,0,0,0
2024-01-06,P5,12.76,205.56,0,0,0
2024-01-07,P5,11.28,204.9,0,0,0
2024-01-08,P5,28.08,201.86,0,0,0
2024-01-09,P5,26.52,201.12,0,0,0
2024-01-10,P5,17.55,206.63,0,0,0
2024-01-11,P5,18.93,193.47,0,0,0
2024-01-12,P5,21.87,204.96,0,0,0
2024-01-13,P5,13.79,198.1,0,0,0
2024-01-14,P5,11.64,204.38,0,0,0
2024-01-15,P5,23.45,200.48,0,0,0
2024-01-16,P5,33.22,195.03,0,0,0
2024-01-17,P5,31.29,198.01,0,0,0
2024-01-18,P5,23.8,204.09,0,0,0
2024-01-19,P5,23.35,199.16,0,0,0
2024-01-20,P5,14.29,197.51,0,0,0
2024-01-21,P5,9.16,197.49,0,0,0
2024-01-22,P5,22.58,202.57,0,0,0
2024-01-23,P5,59.03,177.0,1,0,1
2024-01-24,P5,25.89,191.44,0,0,0
2024-01-25,P5,35.6,181.2,1,0,0
2024-01-26,P5,22.55,200.81,0,0,0
2024-01-27,P5,15.79,202.32,0,0,0
2024-01-28,P5,11.52,198.25,0,0,0
2024-01-29,P5,50.16,169.99,1,0,0
2024-01-30,P5,22.79,200.77,0,0,0
2024-01-31,P5,33.43,195.8,0,0,0
2024-02-01,P5,29.04,196.78,0,0,0
2024-02-02,P5,19.49,204.74,0,0,0
2024-02-03,P5,15.13,193.79,0,0,0
2024-02-04,P5,16.0,201.76,0,0,0
2024-02-05,P5,34.82,168.52,1,0,0
2024-02-06,P5,35.13,196.16,0,0,0
2024-02-07,P5,29.0,207.89,0,0,0
2024-02-08,P5,29.81,196.18,0,0,0
2024-02-09,P5,26.89,195.48,0,0,0
2024-02-10,P5,14.88,199.25,0,0,0
2024-02-11,P5,7.8,196.93,0,0,0
2024-02-12,P5,22.84,200.03,0,0,0
2024-02-13,P5,27.54,200.62,0,0,0
2024-02-14,P5,30.23,200.94,0,0,0
2024-02-15,P5,30.89,199.5,0,0,0
2024-02-16,P5,27.47,197.19,0,0,0
2024-02-17,P5,17.5,202.57,0,0,0
2024-02-18,P5,18.09,199.55,0,0,0
2024-02-19,P5,28.06,198.02,0,0,0
2024-02-20,P5,32.58,205.92,0,0,0
2024-02-21,P5,32.27,199.51,0,0,0
2024-02-22,P5,39.2,204.37,0,0,0
2024-02-23,P5,25.36,204.91,0,0,0
2024-02-24,P5,23.86,175.15,1,0,0
2024-02-25,P5,15.91,202.76,0,0,0
2024-02-26,P5,32.47,200.0,0,0,0
2024-02-27,P5,27.78,199.74,0,0,0
2024-02-28,P5,32.96,199.02,0,0,0
2024-02-29,P5,54.48,161.33,1,0,0
2024-03-01,P5,28.7,202.88,0,0,0
2024-03-02,P5,17.67,200.98,0,0,0
2024-03-03,P5,10.56,203.3,0,0,0
2024-03-04,P5,31.21,199.53,0,0,0
2024-03-05,P5,32.51,202.66,0,0,0
2024-03-06,P5,34.39,194.49,0,0,0
2024-03-07,P5,29.8,195.32,0,0,0
2024-03-08,P5,35.78,190.1,0,0,0
2024-03-09,P5,14.98,199.46,0,0,0
2024-03-10,P5,17.36,196.91,0,0,0
2024-03-11,P5,25.56,196.39,0,0,0
2024-03-12,P5,35.02,201.34,0,0,0
2024-03-13,P5,28.17,198.3,0,0,0
2024-03-14,P5,37.51,194.27,0,0,0
2024-03-15,P5,33.69,210.18,0,0,0
2024-03-16,P5,22.7,199.85,0,0,0
2024-03-17,P5,18.72,195.67,0,0,0
2024-03-18,P5,24.59,197.32,0,0,0
2024-03-19,P5,31.58,199.31,0,0,0
2024-03-20,P5,30.24,199.3,0,0,0
2024-03-21,P5,21.13,205.21,0,0,0
2024-03-22,P5,28.11,199.68,0,0,0
2024-03-23,P5,32.62,177.42,1,0,0
2024-03-24,P5,16.82,198.27,0,0,0
2024-03-25,P5,41.86,201.71,0,0,0
2024-03-26,P5,29.04,204.09,0,0,0
2024-03-27,P5,42.43,204.78,0,0,0
2024-03-28,P5,31.92,205.25,0,0,0
2024-03-29,P5,25.42,198.91,0,0,0
2024-03-30,P5,19.48,199.98,0,0,0
2024-03-31,P5,18.03,190.08,0,0,0
2024-04-01,P5,37.93,199.22,0,0,0
2024-04-02,P5,29.65,204.37,0,0,0
2024-04-03,P5,35.41,203.59,0,0,0
2024-04-04,P5,34.28,199.65,0,0,0
2024-04-05,P5,42.43,176.8,1,0,0
2024-04-06,P5,24.37,198.46,0,0,0
2024-04-07,P5,17.69,197.14,0,0,0
2024-04-08,P5,23.07,198.13,0,0,0
2024-04-09,P5,36.24,195.51,0,0,0
2024-04-10,P5,27.34,202.49,0,0,0
2024-04-11,P5,35.69,201.15,0,0,0
2024-04-12,P5,24.31,202.44,0,0,0
2024-04-13,P5,21.47,198.34,0,0,0
2024-04-14,P5,12.75,199.77,0,0,0
2024-04-15,P5,29.8,191.29,0,0,0
2024-04-16,P5,38.47,201.5,0,0,0
2024-04-17,P5,36.04,200.4,0,0,0
2024-04-18,P5,29.68,195.6,0,0,0
2024-04-19,P5,39.39,199.58,0,0,0
2024-04-20,P5,18.8,198.97,0,0,0
2024-04-21,P5,15.34,207.06,0,0,0
2024-04-22,P5,33.34,195.76,0,0,0
2024-04-23,P5,58.99,171.33,1,0,0
2024-04-24,P5,35.94,195.64,0,0,0
2024-04-25,P5,36.05,197.77,0,0,0
2024-04-26,P5,37.67,201.11,0,0,0
2024-04-27,P5,23.63,199.15,0,0,0
2024-04-28,P5,16.44,199.98,0,0,0
2024-04-29,P5,32.86,201.33,0,0,0
2024-04-30,P5,24.37,198.03,0,0,0
2024-05-01,P5,37.69,203.54,0,0,0
2024-05-02,P5,42.15,198.78,0,0,0
2024-05-03,P5,30.71,199.61,0,0,0
2024-05-04,P5,24.86,201.45,0,0,0
2024-05-05,P5,22.23,200.91,0,0,0
2024-05-06,P5,26.08,202.58,0,0,0
2024-05-07,P5,31.38,201.27,0,0,0
2024-05-08,P5,45.23,201.88,0,0,0
2024-05-09,P5,63.58,168.7,1,0,0
2024-05-10,P5,25.8,195.72,0,0,0
2024-05-11,P5,16.91,194.29,0,0,0
2024-05-12,P5,19.83,193.32,0,0,0
2024-05-13,P5,35.39,207.05,0,0,0
2024-05-14,P5,37.21,191.15,0,0,0
2024-05-15,P5,45.39,204.77,0,0,0
2024-05-16,P5,34.9,196.72,0,0,0
2024-05-17,P5,23.3,204.75,0,0,0
2024-05-18,P5,24.61,191.19,0,0,0
2024-05-19,P5,20.24,199.06,0,0,0
2024-05-20,P5,31.06,205.82,0,0,0
2024-05-21,P5,30.53,202.85,0,0,0
2024-05-22,P5,28.37,198.65,0,0,0
2024-05-23,P5,40.0,192.23,0,0,0
2024-05-24,P5,36.53,194.71,0,0,0
2024-05-25,P5,23.84,205.56,0,0,0
2024-05-26,P5,18.99,198.61,0,0,0
2024-05-27,P5,32.87,199.71,0,0,0
2024-05-28,P5,38.2,201.13,0,0,0
2024-05-29,P5,47.21,194.79,0,0,0
2024-05-30,P5,64.99,171.63,1,0,0
2024-05-31,P5,39.03,198.32,0,0,0
2024-06-01,P5,17.97,201.17,0,0,0
2024-06-02,P5,19.94,197.69,0,0,0
2024-06-03,P5,39.47,193.71,0,0,0
2024-06-04,P5,36.12,198.29,0,0,0
2024-06-05,P5,45.46,202.56,0,0,0
2024-06-06,P5,51.22,201.58,0,0,0
2024-06-07,P5,27.18,200.12,0,0,0
2024-06-08,P5,16.04,203.59,0,0,0
2024-06-09,P5,17.29,199.19,0,0,0
2024-06-10,P5,51.82,170.23,1,0,0
2024-06-11,P5,38.15,198.08,0,0,0
2024-06-12,P5,35.13,203.83,0,0,0
2024-06-13,P5,30.12,201.17,0,0,0
2024-06-14,P5,33.45,197.77,0,0,0
2024-06-15,P5,22.15,194.04,0,0,0
2024-06-16,P5,16.71,204.42,0,0,0
2024-06-17,P5,36.39,197.02,0,0,0
2024-06-18,P5,39.01,200.29,0,0,0
2024-06-19,P5,36.39,209.41,0,0,0
2024-06-20,P5,34.6,203.21,0,0,0
2024-06-21,P5,32.71,206.44,0,0,0
2024-06-22,P5,22.88,197.85,0,0,0
2024-06-23,P5,17.66,204.28,0,0,0
2024-06-24,P5,48.59,200.11,0,0,0
2024-06-25,P5,39.57,201.46,0,0,0
2024-06-26,P5,37.72,208.08,0,0,0
2024-06-27,P5,34.7,198.89,0,0,0
2024-06-28,P5,30.4,200.08,0,0,0
2024-06-29,P5,21.0,196.39,0,0,0
2024-06-30,P5,16.83,203.55,0,0,0
2024-07-01,P5,34.64,197.76,0,0,0
2024-07-02,P5,39.1,204.09,0,0,0
2024-07-03,P5,47.82,193.4,0,0,0
2024-07-04,P5,29.6,202.19,0,1,0
2024-07-05,P5,37.55,197.43,0,0,0
2024-07-06,P5,18.42,202.92,0,0,0
2024-07-07,P5,21.31,199.95,0,0,0
2024-07-08,P5,32.01,197.86,0,0,0
2024-07-09,P5,39.37,198.45,0,0,0
2024-07-10,P5,43.09,196.6,0,0,0
2024-07-11,P5,45.16,203.35,0,0,0
2024-07-12,P5,45.27,195.81,0,0,0
2024-07-13,P5,20.32,198.93,0,0,0
2024-07-14,P5,28.16,171.38,1,0,0
2024-07-15,P5,40.25,206.45,0,0,0
2024-07-16,P5,78.84,199.96,0,0,1
2024-07-17,P5,37.62,199.03,0,0,0
2024-07-18,P5,33.32,201.09,0,0,0
2024-07-19,P5,28.66,191.71,0,0,0
2024-07-20,P5,16.65,195.21,0,0,0
2024-07-21,P5,15.96,198.5,0,0,0
2024-07-22,P5,40.76,197.15,0,0,0
2024-07-23,P5,44.07,193.6,0,0,0
2024-07-24,P5,39.83,203.43,0,0,0
2024-07-25,P5,35.82,201.04,0,0,0
2024-07-26,P5,35.12,200.56,0,0,0
2024-07-27,P5,21.42,197.22,0,0,0
2024-07-28,P5,16.68,200.32,0,0,0
2024-07-29,P5,35.93,202.06,0,0,0
2024-07-30,P5,34.72,198.94,0,0,0
2024-07-31,P5,39.41,201.78,0,0,0
2024-08-01,P5,40.72,196.82,0,0,0
2024-08-02,P5,36.26,200.39,0,0,0
2024-08-03,P5,15.73,204.57,0,0,0
2024-08-04,P5,19.88,204.93,0,0,0
2024-08-05,P5,32.75,205.31,0,0,0
2024-08-06,P5,46.55,201.14,0,0,0
2024-08-07,P5,42.75,200.13,0,0,0
2024-08-08,P5,32.74,198.2,0,0,0
2024-08-09,P5,36.65,192.77,0,0,0
2024-08-10,P5,24.74,194.62,0,0,0
2024-08-11,P5,16.4,199.33,0,0,0
2024-08-12,P5,29.47,199.57,0,0,0
2024-08-13,P5,29.06,205.65,0,0,0
2024-08-14,P5,28.9,205.26,0,0,0
2024-08-15,P5,26.76,197.25,0,0,0
2024-08-16,P5,30.76,203.27,0,0,0
2024-08-17,P5,17.32,198.09,0,0,0
2024-08-18,P5,14.87,202.73,0,0,0
2024-08-19,P5,42.58,203.22,0,0,0
2024-08-20,P5,36.06,204.97,0,0,0
2024-08-21,P5,49.79,168.03,1,0,0
2024-08-22,P5,48.87,204.06,0,0,0
2024-08-23,P5,34.02,192.51,0,0,0
2024-08-24,P5,12.03,205.18,0,0,0
2024-08-25,P5,22.62,199.9,0,0,0
2024-08-26,P5,40.74,199.99,0,0,0
2024-08-27,P5,24.24,191.85,0,0,0
2024-08-28,P5,37.63,198.45,0,0,0
2024-08-29,P5,33.25,205.42,0,0,0
2024-08-30,P5,34.99,198.29,0,0,0
2024-08-31,P5,19.55,202.85,0,0,0
2024-09-01,P5,14.9,200.14,0,0,0
2024-09-02,P5,28.74,204.25,0,0,0
2024-09-03,P5,38.58,200.77,0,0,0
2024-09-04,P5,31.17,196.27,0,0,0
2024-09-05,P5,39.46,200.23,0,0,0
2024-09-06,P5,29.0,206.4,0,0,0
2024-09-07,P5,21.27,171.99,1,0,0
2024-09-08,P5,18.4,199.53,0,0,0
2024-09-09,P5,25.95,209.02,0,0,0
2024-09-10,P5,28.38,204.64,0,0,0
2024-09-11,P5,32.42,203.27,0,0,0
2024-09-12,P5,32.86,201.27,0,0,0
2024-09-13,P5,30.09,202.92,0,0,0
2024-09-14,P5,21.02,203.05,0,0,0
2024-09-15,P5,18.65,191.27,0,0,0
2024-09-16,P5,27.76,201.58,0,0,0
2024-09-17,P5,29.58,199.36,0,0,0
2024-09-18,P5,38.49,198.0,0,0,0
2024-09-19,P5,27.97,199.22,0,0,0
2024-09-20,P5,29.85,193.78,0,0,0
2024-09-21,P5,23.18,192.78,0,0,0
2024-09-22,P5,13.61,204.99,0,0,0
2024-09-23,P5,23.63,201.85,0,0,0
2024-09-24,P5,28.97,190.35,0,0,0
2024-09-25,P5,29.16,197.69,0,0,0
2024-09-26,P5,26.98,203.52,0,0,0
2024-09-27,P5,27.02,198.88,0,0,0
2024-09-28,P5,23.47,204.98,0,0,0
2024-09-29,P5,15.32,204.2,0,0,0
2024-09-30,P5,29.3,194.57,0,0,0
2024-10-01,P5,30.14,199.43,0,0,0
2024-10-02,P5,28.89,198.21,0,0,0
2024-10-03,P5,31.72,194.44,0,0,0
2024-10-04,P5,34.51,194.18,0,0,0
2024-10-05,P5,17.65,196.78,0,0,0
2024-10-06,P5,16.67,197.44,0,0,0
2024-10-07,P5,31.8,201.13,0,0,0
2024-10-08,P5,39.51,204.18,0,0,0
2024-10-09,P5,34.44,202.05,0,0,0
2024-10-10,P5,67.22,173.0,1,0,0
2024-10-11,P5,31.22,198.93,0,0,0
2024-10-12,P5,27.44,172.41,1,0,0
2024-10-13,P5,12.39,199.41,0,0,0
2024-10-14,P5,32.25,198.23,0,0,0
2024-10-15,P5,32.37,207.59,0,0,0
2024-10-16,P5,37.59,190.68,0,0,0
2024-10-17,P5,20.53,192.51,0,0,0
2024-10-18,P5,24.03,201.53,0,0,0
2024-10-19,P5,17.67,198.94,0,0,0
2024-10-20,P5,13.27,194.25,0,0,0
2024-10-21,P5,25.58,195.78,0,0,0
2024-10-22,P5,26.04,196.3,0,0,0
2024-10-23,P5,22.76,203.57,0,0,0
2024-10-24,P5,29.96,204.85,0,0,0
2024-10-25,P5,22.26,206.56,0,0,0
2024-10-26,P5,15.58,193.64,0,0,0
2024-10-27,P5,13.38,194.53,0,0,0
2024-10-28,P5,29.92,194.26,0,0,0
2024-10-29,P5,27.97,205.16,0,0,0
2024-10-30,P5,29.61,201.67,0,0,0
2024-10-31,P5,20.03,200.32,0,0,0
2024-11-01,P5,28.58,200.92,0,0,0
2024-11-02,P5,20.12,199.77,0,0,0
2024-11-03,P5,13.75,195.52,0,0,0
2024-11-04,P5,21.74,202.05,0,0,0
2024-11-05,P5,25.22,199.26,0,0,0
2024-11-06,P5,24.94,195.2,0,0,0
2024-11-07,P5,34.44,202.3,0,0,0
2024-11-08,P5,23.07,198.3,0,0,0
2024-11-09,P5,15.82,200.91,0,0,0
2024-11-10,P5,12.4,199.5,0,0,0
2024-11-11,P5,27.0,203.57,0,0,0
2024-11-12,P5,23.33,200.88,0,0,0
2024-11-13,P5,29.32,196.47,0,0,0
2024-11-14,P5,37.18,171.29,1,0,0
2024-11-15,P5,28.05,201.42,0,0,0
2024-11-16,P5,10.7,202.05,0,0,0
2024-11-17,P5,11.67,204.14,0,0,0
2024-11-18,P5,29.55,197.54,0,0,0
2024-11-19,P5,29.45,202.67,0,0,0
2024-11-20,P5,22.72,193.1,0,0,0
2024-11-21,P5,30.2,199.52,0,0,0
2024-11-22,P5,20.63,198.9,0,0,0
2024-11-23,P5,12.99,205.79,0,0,0
2024-11-24,P5,14.31,199.37,0,0,0
2024-11-25,P5,35.52,172.43,1,0,0
2024-11-26,P5,21.27,192.95,0,0,0
2024-11-27,P5,22.86,198.59,0,0,0
2024-11-28,P5,19.1,196.61,0,1,0
2024-11-29,P5,20.82,209.9,0,0,0
2024-11-30,P5,14.11,197.33,0,0,0
2024-12-01,P5,13.21,200.29,0,0,0
2024-12-02,P5,25.61,200.51,0,0,0
2024-12-03,P5,25.49,193.64,0,0,0
2024-12-04,P5,31.09,197.9,0,0,0
2024-12-05,P5,28.22,201.62,0,0,0
2024-12-06,P5,24.02,200.34,0,0,0
2024-12-07,P5,14.27,190.8,0,0,0
2024-12-08,P5,14.44,197.73,0,0,0
2024-12-09,P5,22.33,204.08,0,0,0
2024-12-10,P5,23.98,202.35,0,0,0
2024-12-11,P5,32.73,204.87,0,0,0
2024-12-12,P5,23.47,196.06,0,0,0
2024-12-13,P5,19.5,205.12,0,0,0
2024-12-14,P5,13.96,199.82,0,0,0
2024-12-15,P5,9.89,206.37,0,0,0
2024-12-16,P5,20.6,200.01,0,0,0
2024-12-17,P5,33.57,191.81,0,0,0
2024-12-18,P5,24.98,203.4,0,0,0
2024-12-19,P5,27.63,198.23,0,0,0
2024-12-20,P5,18.66,198.5,0,0,0
2024-12-21,P5,13.0,194.19,0,0,0
2024-12-22,P5,14.98,206.49,0,0,0
2024-12-23,P5,33.8,167.92,1,0,0
2024-12-24,P5,25.75,206.3,0,0,0
2024-12-25,P5,12.35,198.28,0,1,0
2024-12-26,P5,21.32,196.29,0,0,0
2024-12-27,P5,21.34,205.28,0,0,0
2024-12-28,P5,16.6,199.71,0,0,0
2024-12-29,P5,12.14,199.75,0,0,0
2024-12-30,P5,24.27,194.87,0,0,0
2024-12-31,P5,44.31,168.17,1,0,0
2025-01-01,P5,19.07,201.71,0,1,0
2025-01-02,P5,20.8,194.8,0,0,0
2025-01-03,P5,23.19,197.84,0,0,0
2025-01-04,P5,13.71,198.32,0,0,0
2025-01-05,P5,11.74,200.27,0,0,0
2025-01-06,P5,21.8,205.92,0,0,0
2025-01-07,P5,25.65,198.8,0,0,0
2025-01-08,P5,28.98,197.24,0,0,0
2025-01-09,P5,20.35,210.99,0,0,0
2025-01-10,P5,21.13,198.27,0,0,0
2025-01-11,P5,16.19,199.24,0,0,0
2025-01-12,P5,13.84,198.57,0,0,0
2025-01-13,P5,30.49,198.89,0,0,0
2025-01-14,P5,25.98,200.31,0,0,0
2025-01-15,P5,23.7,203.68,0,0,0
2025-01-16,P5,23.85,201.62,0,0,0
2025-01-17,P5,22.97,204.31,0,0,0
2025-01-18,P5,12.62,204.18,0,0,0
2025-01-19,P5,15.06,200.83,0,0,0
2025-01-20,P5,22.9,201.51,0,0,0
2025-01-21,P5,30.36,204.43,0,0,0
2025-01-22,P5,24.11,195.56,0,0,0
2025-01-23,P5,24.74,209.99,0,0,0
2025-01-24,P5,22.89,197.95,0,0,0
2025-01-25,P5,12.29,198.6,0,0,0
2025-01-26,P5,12.45,195.15,0,0,0
2025-01-27,P5,41.95,165.27,1,0,0
2025-01-28,P5,18.63,203.9,0,0,0
2025-01-29,P5,28.59,209.08,0,0,0
2025-01-30,P5,29.24,197.73,0,0,0
2025-01-31,P5,23.92,201.39,0,0,0
2025-02-01,P5,17.0,200.88,0,0,0
2025-02-02,P5,14.09,204.0,0,0,0
2025-02-03,P5,35.95,208.87,0,0,0
2025-02-04,P5,20.97,206.08,0,0,0
2025-02-05,P5,54.16,169.05,1,0,0
2025-02-06,P5,32.02,202.12,0,0,0
2025-02-07,P5,25.56,202.51,0,0,0
2025-02-08,P5,13.43,199.92,0,0,0
2025-02-09,P5,12.63,195.62,0,0,0
2025-02-10,P5,24.63,196.8,0,0,0
2025-02-11,P5,26.38,204.59,0,0,0
2025-02-12,P5,31.22,205.01,0,0,0
2025-02-13,P5,34.82,199.17,0,0,0
2025-02-14,P5,32.88,201.04,0,0,0
2025-02-15,P5,14.63,204.79,0,0,0
2025-02-16,P5,14.29,193.18,0,0,0
2025-02-17,P5,23.88,198.21,0,0,0
2025-02-18,P5,31.44,208.07,0,0,0
2025-02-19,P5,31.28,201.2,0,0,0
2025-02-20,P5,29.1,195.48,0,0,0
2025-02-21,P5,20.51,200.47,0,0,0
2025-02-22,P5,16.41,204.09,0,0,0
2025-02-23,P5,15.2,189.81,0,0,0
2025-02-24,P5,20.86,200.71,0,0,0
2025-02-25,P5,24.16,198.51,0,0,0
2025-02-26,P5,32.4,193.43,0,0,0
2025-02-27,P5,38.61,200.33,0,0,0
2025-02-28,P5,31.48,199.45,0,0,0
2025-03-01,P5,16.3,199.9,0,0,0
2025-03-02,P5,13.43,198.61,0,0,0
2025-03-03,P5,25.95,195.91,0,0,0
2025-03-04,P5,27.22,194.18,0,0,0
2025-03-05,P5,30.42,197.24,0,0,0
2025-03-06,P5,40.78,203.44,0,0,0
2025-03-07,P5,25.58,200.93,0,0,0
2025-03-08,P5,17.21,199.72,0,0,0
2025-03-09,P5,20.33,165.84,1,0,0
2025-03-10,P5,31.65,198.5,0,0,0
2025-03-11,P5,29.78,202.95,0,0,0
2025-03-12,P5,29.69,202.02,0,0,0
2025-03-13,P5,27.46,198.09,0,0,0
2025-03-14,P5,26.44,189.55,0,0,0
2025-03-15,P5,16.67,197.3,0,0,0
2025-03-16,P5,14.0,198.07,0,0,0
2025-03-17,P5,26.01,196.37,0,0,0
2025-03-18,P5,30.93,198.35,0,0,0
2025-03-19,P5,33.09,203.27,0,0,0
2025-03-20,P5,36.06,199.85,0,0,0
2025-03-21,P5,35.54,203.96,0,0,0
2025-03-22,P5,14.22,193.97,0,0,0
2025-03-23,P5,16.01,198.78,0,0,0
2025-03-24,P5,30.33,192.24,0,0,0
2025-03-25,P5,38.95,168.29,1,0,0
2025-03-26,P5,31.25,195.82,0,0,0
2025-03-27,P5,24.76,205.13,0,0,0
2025-03-28,P5,31.72,201.64,0,0,0
2025-03-29,P5,19.41,204.06,0,0,0
2025-03-30,P5,15.86,198.28,0,0,0
2025-03-31,P5,28.44,195.92,0,0,0
2025-04-01,P5,40.81,195.79,0,0,0
2025-04-02,P5,28.85,201.06,0,0,0
2025-04-03,P5,30.52,207.24,0,0,0
2025-04-04,P5,28.55,201.65,0,0,0
2025-04-05,P5,18.81,198.5,0,0,0
2025-04-06,P5,22.22,199.24,0,0,0
2025-04-07,P5,39.96,199.87,0,0,0
2025-04-08,P5,34.09,208.11,0,0,0
2025-04-09,P5,34.01,204.93,0,0,0
2025-04-10,P5,34.22,201.04,0,0,0
2025-04-11,P5,33.78,200.44,0,0,0
2025-04-12,P5,22.6,201.2,0,0,0
2025-04-13,P5,13.45,201.98,0,0,0
2025-04-14,P5,41.85,198.35,0,0,0
2025-04-15,P5,36.98,196.62,0,0,0
2025-04-16,P5,32.16,204.13,0,0,0
2025-04-17,P5,34.46,200.09,0,0,0
2025-04-18,P5,32.59,203.79,0,0,0
2025-04-19,P5,20.45,206.58,0,0,0
2025-04-20,P5,14.03,202.08,0,0,0
2025-04-21,P5,32.43,201.43,0,0,0
2025-04-22,P5,33.23,212.8,0,0,0
2025-04-23,P5,42.94,200.83,0,0,0
2025-04-24,P5,44.38,195.64,0,0,0
2025-04-25,P5,44.81,168.88,1,0,0
2025-04-26,P5,19.45,206.21,0,0,0
2025-04-27,P5,15.8,194.82,0,0,0
2025-04-28,P5,57.46,166.99,1,0,0
2025-04-29,P5,47.8,204.43,0,0,0
2025-04-30,P5,43.35,198.91,0,0,0
2025-05-01,P5,39.66,199.56,0,0,0
2025-05-02,P5,35.42,204.29,0,0,0
2025-05-03,P5,25.83,197.13,0,0,0
2025-05-04,P5,20.18,194.13,0,0,0
2025-05-05,P5,29.99,194.44,0,0,0
2025-05-06,P5,45.96,202.33,0,0,0
2025-05-07,P5,38.26,201.04,0,0,0
2025-05-08,P5,40.06,197.23,0,0,0
2025-05-09,P5,40.46,195.36,0,0,0
2025-05-10,P5,28.65,198.92,0,0,0
2025-05-11,P5,15.86,204.47,0,0,0
2025-05-12,P5,42.12,196.66,0,0,0
2025-05-13,P5,55.31,197.35,0,0,1
2025-05-14,P5,41.25,195.24,0,0,0
2025-05-15,P5,30.71,198.53,0,0,0
2025-05-16,P5,30.72,201.35,0,0,0
2025-05-17,P5,20.74,208.46,0,0,0
2025-05-18,P5,18.99,200.87,0,0,0
2025-05-19,P5,37.96,199.79,0,0,0
2025-05-20,P5,42.12,203.45,0,0,0
2025-05-21,P5,36.29,202.78,0,0,0
2025-05-22,P5,38.29,197.69,0,0,0
2025-05-23,P5,31.74,209.21,0,0,0
2025-05-24,P5,20.43,199.9,0,0,0
2025-05-25,P5,15.53,200.95,0,0,0
2025-05-26,P5,35.68,202.21,0,0,0
2025-05-27,P5,41.91,201.38,0,0,0
2025-05-28,P5,39.83,206.1,0,0,0
2025-05-29,P5,36.83,197.64,0,0,0
2025-05-30,P5,33.96,203.13,0,0,0
2025-05-31,P5,19.96,200.66,0,0,0
2025-06-01,P5,19.06,203.93,0,0,0
2025-06-02,P5,40.91,199.14,0,0,0
2025-06-03,P5,43.3,198.6,0,0,0
2025-06-04,P5,37.75,202.93,0,0,0
2025-06-05,P5,36.02,201.43,0,0,0
2025-06-06,P5,40.44,196.72,0,0,0
2025-06-07,P5,20.11,205.38,0,0,0
2025-06-08,P5,17.99,202.93,0,0,0
2025-06-09,P5,37.93,199.7,0,0,0
2025-06-10,P5,38.44,198.13,0,0,0
2025-06-11,P5,43.78,201.46,0,0,0
2025-06-12,P5,31.36,202.64,0,0,0
2025-06-13,P5,38.3,193.62,0,0,0
2025-06-14,P5,29.03,201.5,0,0,0
2025-06-15,P5,15.92,202.61,0,0,0
2025-06-16,P5,36.23,190.59,0,0,0
2025-06-17,P5,38.93,200.78,0,0,0
2025-06-18,P5,30.85,202.78,0,0,0
2025-06-19,P5,37.73,202.32,0,0,0
2025-06-20,P5,32.2,203.21,0,0,0
2025-06-21,P5,21.59,198.69,0,0,0
2025-06-22,P5,17.58,195.84,0,0,0
2025-06-23,P5,38.43,192.8,0,0,0
2025-06-24,P5,34.33,204.37,0,0,0
2025-06-25,P5,39.02,202.81,0,0,0
2025-06-26,P5,39.1,204.67,0,0,0
2025-06-27,P5,40.73,197.1,0,0,0
2025-06-28,P5,25.63,203.22,0,0,0
2025-06-29,P5,15.47,193.99,0,0,0
2025-06-30,P5,43.5,196.52,0,0,0
2025-07-01,P5,51.28,170.5,1,0,0
2025-07-02,P5,38.99,202.65,0,0,0
2025-07-03,P5,29.75,206.72,0,0,0
2025-07-04,P5,26.81,169.04,1,1,0
2025-07-05,P5,30.07,196.54,0,0,0
2025-07-06,P5,18.43,196.33,0,0,0
2025-07-07,P5,35.45,197.25,0,0,0
2025-07-08,P5,37.47,208.88,0,0,0
2025-07-09,P5,37.73,203.03,0,0,0
2025-07-10,P5,42.68,204.45,0,0,0
2025-07-11,P5,35.52,199.04,0,0,0
2025-07-12,P5,23.68,199.99,0,0,0
2025-07-13,P5,15.74,202.8,0,0,0
2025-07-14,P5,29.26,197.98,0,0,0
2025-07-15,P5,43.42,198.83,0,0,0
2025-07-16,P5,41.94,197.3,0,0,0
2025-07-17,P5,32.76,198.21,0,0,0
2025-07-18,P5,28.5,200.2,0,0,0
2025-07-19,P5,22.13,196.71,0,0,0
2025-07-20,P5,19.17,201.14,0,0,0
2025-07-21,P5,30.78,201.14,0,0,0
2025-07-22,P5,46.41,199.28,0,0,0
2025-07-23,P5,43.97,196.69,0,0,0
2025-07-24,P5,44.16,200.42,0,0,0
2025-07-25,P5,50.23,167.98,1,0,0
2025-07-26,P5,21.1,200.19,0,0,0
2025-07-27,P5,14.22,204.39,0,0,0
2025-07-28,P5,32.33,194.99,0,0,0
2025-07-29,P5,34.3,208.69,0,0,0
2025-07-30,P5,40.6,199.71,0,0,0
2025-07-31,P5,38.27,201.65,0,0,0
2025-08-01,P5,25.44,196.99,0,0,0
2025-08-02,P5,17.59,204.57,0,0,0
2025-08-03,P5,18.01,199.5,0,0,0
2025-08-04,P5,36.96,198.42,0,0,0
2025-08-05,P5,34.63,197.7,0,0,0
2025-08-06,P5,41.69,198.93,0,0,0
2025-08-07,P5,64.14,201.67,0,0,1
2025-08-08,P5,43.58,200.69,0,0,0
2025-08-09,P5,20.58,199.84,0,0,0
2025-08-10,P5,16.27,197.15,0,0,0
2025-08-11,P5,30.34,196.92,0,0,0
2025-08-12,P5,29.45,198.16,0,0,0
2025-08-13,P5,39.96,201.84,0,0,0
2025-08-14,P5,38.3,202.65,0,0,0
2025-08-15,P5,43.43,173.19,1,0,0
2025-08-16,P5,21.9,199.99,0,0,0
2025-08-17,P5,16.97,201.53,0,0,0
2025-08-18,P5,32.14,199.33,0,0,0
2025-08-19,P5,27.34,193.03,0,0,0
2025-08-20,P5,39.16,199.14,0,0,0
2025-08-21,P5,45.97,198.5,0,0,0
2025-08-22,P5,28.69,195.84,0,0,0
2025-08-23,P5,20.5,197.73,0,0,0
2025-08-24,P5,17.66,200.54,0,0,0
2025-08-25,P5,23.7,195.47,0,0,0
2025-08-26,P5,30.4,197.16,0,0,0
2025-08-27,P5,27.66,206.19,0,0,0
2025-08-28,P5,46.39,193.59,0,0,0
2025-08-29,P5,21.6,199.27,0,0,0
2025-08-30,P5,19.08,195.33,0,0,0
2025-08-31,P5,17.04,196.99,0,0,0
2025-09-01,P5,28.71,199.21,0,0,0
2025-09-02,P5,24.66,196.05,0,0,0
2025-09-03,P5,33.34,202.3,0,0,0
2025-09-04,P5,29.54,205.4,0,0,0
2025-09-05,P5,31.18,203.37,0,0,0
2025-09-06,P5,20.58,204.1,0,0,0
2025-09-07,P5,13.56,194.48,0,0,0
2025-09-08,P5,28.45,199.03,0,0,0
2025-09-09,P5,29.48,201.87,0,0,0
2025-09-10,P5,37.3,203.48,0,0,0
2025-09-11,P5,32.4,207.01,0,0,0
2025-09-12,P5,24.02,204.28,0,0,0
2025-09-13,P5,21.09,203.59,0,0,0
2025-09-14,P5,12.87,210.53,0,0,0
2025-09-15,P5,28.23,200.39,0,0,0
2025-09-16,P5,27.9,198.84,0,0,0
2025-09-17,P5,33.94,200.71,0,0,0
2025-09-18,P5,31.64,196.34,0,0,0
2025-09-19,P5,34.89,200.27,0,0,0
2025-09-20,P5,19.02,193.09,0,0,0
2025-09-21,P5,13.25,197.88,0,0,0
2025-09-22,P5,29.78,199.54,0,0,0
2025-09-23,P5,38.1,203.8,0,0,0
2025-09-24,P5,26.24,204.44,0,0,0
2025-09-25,P5,34.91,196.15,0,0,0
2025-09-26,P5,30.1,178.3,1,0,0
2025-09-27,P5,21.14,200.59,0,0,0
2025-09-28,P5,13.5,200.96,0,0,0
2025-09-29,P5,26.36,193.53,0,0,0
2025-09-30,P5,60.11,167.52,1,0,0
2025-10-01,P5,30.57,204.2,0,0,0
2025-10-02,P5,30.71,200.68,0,0,0
2025-10-03,P5,25.34,200.43,0,0,0
2025-10-04,P5,16.0,200.91,0,0,0
2025-10-05,P5,18.66,164.23,1,0,0
2025-10-06,P5,30.39,199.61,0,0,0
2025-10-07,P5,23.12,205.63,0,0,0
2025-10-08,P5,34.51,204.35,0,0,0
2025-10-09,P5,25.8,199.5,0,0,0
2025-10-10,P5,25.76,206.25,0,0,0
2025-10-11,P5,15.7,194.96,0,0,0
2025-10-12,P5,13.26,196.11,0,0,0
2025-10-13,P5,25.39,207.45,0,0,0
2025-10-14,P5,29.81,202.31,0,0,0
2025-10-15,P5,37.51,198.84,0,0,0
2025-10-16,P5,27.54,199.78,0,0,0
2025-10-17,P5,19.2,196.77,0,0,0
2025-10-18,P5,19.25,201.11,0,0,0
2025-10-19,P5,14.76,200.79,0,0,0
2025-10-20,P5,22.81,200.08,0,0,0
2025-10-21,P5,23.95,195.36,0,0,0
2025-10-22,P5,30.84,201.06,0,0,0
2025-10-23,P5,29.95,197.88,0,0,0
2025-10-24,P5,33.26,196.06,0,0,0
2025-10-25,P5,16.58,205.07,0,0,0
2025-10-26,P5,11.36,208.68,0,0,0
2025-10-27,P5,22.03,207.77,0,0,0
2025-10-28,P5,27.27,202.6,0,0,0
2025-10-29,P5,21.77,198.94,0,0,0
2025-10-30,P5,22.2,199.72,0,0,0
2025-10-31,P5,20.38,201.62,0,0,0
2025-11-01,P5,14.18,198.32,0,0,0
2025-11-02,P5,12.39,205.28,0,0,0
2025-11-03,P5,29.41,191.86,0,0,0
2025-11-04,P5,32.69,198.82,0,0,0
2025-11-05,P5,32.2,203.2,0,0,0
2025-11-06,P5,31.97,196.62,0,0,0
2025-11-07,P5,22.68,199.04,0,0,0
2025-11-08,P5,13.22,202.37,0,0,0
2025-11-09,P5,12.86,206.07,0,0,0
2025-11-10,P5,27.7,194.82,0,0,0
2025-11-11,P5,23.13,194.53,0,0,0
2025-11-12,P5,27.23,196.22,0,0,0
2025-11-13,P5,37.02,163.85,1,0,0
2025-11-14,P5,19.3,194.13,0,0,0
2025-11-15,P5,15.95,196.11,0,0,0
2025-11-16,P5,13.69,204.93,0,0,0
2025-11-17,P5,31.71,198.75,0,0,0
2025-11-18,P5,25.31,200.13,0,0,0
2025-11-19,P5,21.24,196.18,0,0,0
2025-11-20,P5,34.25,202.53,0,0,0
2025-11-21,P5,29.65,207.5,0,0,0
2025-11-22,P5,22.86,196.45,0,0,0
2025-11-23,P5,16.42,206.9,0,0,0
2025-11-24,P5,25.03,201.46,0,0,0
2025-11-25,P5,25.57,200.07,0,0,0
2025-11-26,P5,29.61,201.6,0,0,0
2025-11-27,P5,14.67,201.56,0,1,0
2025-11-28,P5,19.82,207.43,0,0,0
2025-11-29,P5,14.04,202.08,0,0,0
2025-11-30,P5,14.04,202.16,0,0,0
2025-12-01,P5,28.89,198.31,0,0,0
2025-12-02,P5,24.48,203.36,0,0,0
2025-12-03,P5,22.16,196.17,0,0,0
2025-12-04,P5,29.35,200.44,0,0,0
2025-12-05,P5,17.28,211.53,0,0,0
2025-12-06,P5,14.11,189.98,0,0,0
2025-12-07,P5,12.32,200.93,0,0,0
2025-12-08,P5,18.96,201.09,0,0,0
2025-12-09,P5,22.51,199.09,0,0,0
2025-12-10,P5,30.66,199.18,0,0,0
2025-12-11,P5,28.78,200.37,0,0,0
2025-12-12,P5,19.0,198.99,0,0,0
2025-12-13,P5,14.98,200.89,0,0,0
2025-12-14,P5,9.22,198.05,0,0,0
2025-12-15,P5,24.98,208.09,0,0,0
2025-12-16,P5,22.73,198.99,0,0,0
2025-12-17,P5,25.05,202.28,0,0,0
2025-12-18,P5,26.53,197.32,0,0,0
2025-12-19,P5,18.59,203.73,0,0,0
2025-12-20,P5,12.53,202.93,0,0,0
2025-12-21,P5,15.09,201.68,0,0,0
2025-12-22,P5,23.41,195.89,0,0,0
2025-12-23,P5,26.07,196.99,0,0,0
2025-12-24,P5,25.84,206.74,0,0,0
2025-12-25,P5,22.28,196.95,0,1,0
2025-12-26,P5,25.18,202.56,0,0,0
2025-12-27,P5,9.18,196.22,0,0,0
2025-12-28,P5,9.86,204.03,0,0,0
2025-12-29,P5,30.09,197.25,0,0,0
2025-12-30,P5,33.74,196.15,0,0,0
2025-12-31,P5,22.64,197.15,0,0,0
